player_hand,dealer_hand,is_soft_hand,is_pair,Action,Q-Value
4,1,False,True,st,-0.0010000000000000009
4,1,False,True,h,0.09729
4,1,False,True,dd,-0.0010000000000000009
4,1,False,True,sr,0.0970299
4,1,False,True,sp,0.12412638170352433
4,2,False,True,st,-0.0010000000000000009
4,2,False,True,h,0.099
4,2,False,True,dd,0.09611900000000001
4,2,False,True,sr,0.099
4,2,False,True,sp,0.1
4,3,False,True,st,-0.0010000000000000009
4,3,False,True,h,0.10224471271474393
4,3,False,True,dd,0.1
4,3,False,True,sr,0.099
4,3,False,True,sp,0.1
4,4,False,True,st,-0.0010000000000000009
4,4,False,True,h,0.12620909877294356
4,4,False,True,dd,0.1
4,4,False,True,sr,0.1
4,4,False,True,sp,0.099
4,5,False,True,st,0.09701
4,5,False,True,h,0.099
4,5,False,True,dd,0.011917189362661701
4,5,False,True,sr,0.099
4,5,False,True,sp,0.32837389059515887
4,6,False,True,st,0.09701
4,6,False,True,h,0.099
4,6,False,True,dd,0.4195225337802269
4,6,False,True,sr,0.1
4,6,False,True,sp,0.1
4,7,False,True,st,-0.0010000000000000009
4,7,False,True,h,0.099
4,7,False,True,dd,0.08269959077346536
4,7,False,True,sr,0.1
4,7,False,True,sp,0.099
4,7,False,False,st,-0.0010000000000000009
4,7,False,False,h,0.099
4,7,False,False,dd,0.1
4,7,False,False,sr,0.1
4,7,False,False,sp,0.1
4,8,False,True,st,-0.0010000000000000009
4,8,False,True,h,0.099
4,8,False,True,dd,-0.0010000000000000009
4,8,False,True,sr,0.10059503312181634
4,8,False,True,sp,0.12395033121816329
4,8,False,False,st,-0.0010000000000000009
4,8,False,False,h,0.099
4,8,False,False,dd,-0.0010000000000000009
4,8,False,False,sr,0.0005325547343873749
4,8,False,False,sp,0.1
4,9,False,True,st,0.09701
4,9,False,True,h,0.099
4,9,False,True,dd,-0.0010000000000000009
4,9,False,True,sr,0.099
4,9,False,True,sp,0.11988729716336156
4,9,False,False,st,0.2881
4,9,False,False,h,0.1
4,9,False,False,dd,0.1
4,9,False,False,sr,0.1
4,9,False,False,sp,0.1
4,10,False,True,st,-0.0010000000000000009
4,10,False,True,h,0.4616221883792515
4,10,False,True,dd,-0.0010000000000000009
4,10,False,True,sr,0.1
4,10,False,True,sp,0.1
5,1,False,False,st,-0.0010000000000000009
5,1,False,False,h,0.2103929002189311
5,1,False,False,dd,-0.001330791714041074
5,1,False,False,sr,0.047290000000000006
5,1,False,False,sp,0.1
5,2,False,False,st,-0.0010000000000000009
5,2,False,False,h,0.19477626659700886
5,2,False,False,dd,0.057607094757517
5,2,False,False,sr,0.09656100000000001
5,2,False,False,sp,0.1
5,3,False,False,st,-0.0010000000000000009
5,3,False,False,h,0.20261579430687515
5,3,False,False,dd,0.08810000000000001
5,3,False,False,sr,0.1
5,3,False,False,sp,0.1
5,4,False,False,st,-0.0010000000000000009
5,4,False,False,h,0.16048341024813575
5,4,False,False,dd,0.0013180361889827547
5,4,False,False,sr,0.0981
5,4,False,False,sp,0.1
5,5,False,False,st,-0.0010000000000000009
5,5,False,False,h,0.19657388592267433
5,5,False,False,dd,0.08891837438703104
5,5,False,False,sr,0.09729
5,5,False,False,sp,0.1
5,6,False,False,st,0.1
5,6,False,False,h,0.2230559319887162
5,6,False,False,dd,0.1
5,6,False,False,sr,0.11007503387898446
5,6,False,False,sp,0.1
5,7,False,False,st,-0.0010000000000000009
5,7,False,False,h,0.2595562379668351
5,7,False,False,dd,-0.0010000000000000009
5,7,False,False,sr,0.099
5,7,False,False,sp,0.1
5,8,False,False,st,0.1
5,8,False,False,h,0.2406305592605945
5,8,False,False,dd,0.1
5,8,False,False,sr,0.1
5,8,False,False,sp,0.1
5,9,False,False,st,-0.0010000000000000009
5,9,False,False,h,0.09847522644504454
5,9,False,False,dd,-0.0010000000000000009
5,9,False,False,sr,0.09531441000000002
5,9,False,False,sp,0.1
5,10,False,False,st,0.09701
5,10,False,False,h,0.560467138539549
5,10,False,False,dd,0.08810000000000001
5,10,False,False,sr,0.099
5,10,False,False,sp,0.1
6,1,False,False,st,-0.0010000000000000009
6,1,False,False,h,0.10320539917038368
6,1,False,False,dd,-0.0010000000000000009
6,1,False,False,sr,0.04899739
6,1,False,False,sp,0.1
6,1,False,True,st,-0.0010000000000000009
6,1,False,True,h,0.11160386270084308
6,1,False,True,dd,0.1
6,1,False,True,sr,0.1
6,1,False,True,sp,0.09951810831
6,2,False,False,st,0.09701
6,2,False,False,h,0.09808409001885246
6,2,False,False,dd,0.02555168259604068
6,2,False,False,sr,0.09729
6,2,False,False,sp,0.1
6,2,False,True,st,0.1
6,2,False,True,h,0.1
6,2,False,True,dd,-0.0010000000000000009
6,2,False,True,sr,0.1
6,2,False,True,sp,0.1
6,3,False,True,st,0.1
6,3,False,True,h,0.1605282908590368
6,3,False,True,dd,0.1
6,3,False,True,sr,0.1
6,3,False,True,sp,0.10927778212663364
6,3,False,False,st,-0.0010000000000000009
6,3,False,False,h,0.1940805906405417
6,3,False,False,dd,0.010720131050912796
6,3,False,False,sr,0.09590490000000002
6,3,False,False,sp,0.1
6,4,False,True,st,-0.0010000000000000009
6,4,False,True,h,0.0981
6,4,False,True,dd,0.02058289431820387
6,4,False,True,sr,0.09801
6,4,False,True,sp,0.10048358373096056
6,4,False,False,st,0.09701
6,4,False,False,h,0.19854774948309434
6,4,False,False,dd,0.08810000000000001
6,4,False,False,sr,0.09729
6,4,False,False,sp,0.1
6,5,False,False,st,-0.0010000000000000009
6,5,False,False,h,0.3090530003914218
6,5,False,False,dd,0.08810000000000001
6,5,False,False,sr,0.0981
6,5,False,False,sp,0.1
6,5,False,True,st,-0.0010000000000000009
6,5,False,True,h,0.1254837711226863
6,5,False,True,dd,0.0694127542615573
6,5,False,True,sr,0.1
6,5,False,True,sp,0.1
6,6,False,False,st,0.1
6,6,False,False,h,0.3535876759133239
6,6,False,False,dd,0.1
6,6,False,False,sr,0.1
6,6,False,False,sp,0.1
6,6,False,True,st,-0.0010000000000000009
6,6,False,True,h,0.0981
6,6,False,True,dd,-0.0010000000000000009
6,6,False,True,sr,0.09801
6,6,False,True,sp,0.099
6,7,False,False,st,0.007019000000000025
6,7,False,False,h,0.2188512632622443
6,7,False,False,dd,0.010768619055297218
6,7,False,False,sr,0.099
6,7,False,False,sp,0.1
6,7,False,True,st,-0.0010000000000000009
6,7,False,True,h,0.11591273582504061
6,7,False,True,dd,0.08942079717552065
6,7,False,True,sr,0.1
6,7,False,True,sp,0.1
6,8,False,False,st,0.09701
6,8,False,False,h,0.11702838593763754
6,8,False,False,dd,0.099
6,8,False,False,sr,0.099
6,8,False,False,sp,0.1
6,8,False,True,st,-0.0010000000000000009
6,8,False,True,h,0.099
6,8,False,True,dd,0.08810000000000001
6,8,False,True,sr,0.099
6,8,False,True,sp,0.11241220728827989
6,9,False,True,st,0.199
6,9,False,True,h,0.09951810831
6,9,False,True,dd,0.1
6,9,False,True,sr,0.1
6,9,False,True,sp,0.1
6,9,False,False,st,-0.0010000000000000009
6,9,False,False,h,0.42104549999070784
6,9,False,False,dd,0.08926909930908748
6,9,False,False,sr,0.099
6,9,False,False,sp,0.1
6,10,False,True,st,-0.0010000000000000009
6,10,False,True,h,0.0981
6,10,False,True,dd,-0.0019000000000000128
6,10,False,True,sr,0.09801
6,10,False,True,sp,0.5701370489934158
6,10,False,False,st,-0.0010000000000000009
6,10,False,False,h,0.19655296922467877
6,10,False,False,dd,-0.0010000000000000009
6,10,False,False,sr,0.09531441000000002
6,10,False,False,sp,0.1
7,1,False,False,st,-0.0010000000000000009
7,1,False,False,h,0.14011442101232965
7,1,False,False,dd,-0.09190000000000001
7,1,False,False,sr,0.09430467210000001
7,1,False,False,sp,0.1
7,2,False,False,st,-0.0010000000000000009
7,2,False,False,h,0.3788396122505734
7,2,False,False,dd,0.016491131899999997
7,2,False,False,sr,0.0981
7,2,False,False,sp,0.1
7,3,False,False,st,0.08686366027513888
7,3,False,False,h,0.2558858959071616
7,3,False,False,dd,-0.0010000000000000009
7,3,False,False,sr,0.099
7,3,False,False,sp,0.1
7,4,False,False,st,-0.0010000000000000009
7,4,False,False,h,0.21163086034876966
7,4,False,False,dd,0.08810000000000001
7,4,False,False,sr,0.099
7,4,False,False,sp,0.1
7,5,False,False,st,-0.003691
7,5,False,False,h,0.09531441000000002
7,5,False,False,dd,0.03211101406712914
7,5,False,False,sr,0.0951328599806359
7,5,False,False,sp,0.1
7,6,False,False,st,-0.0010000000000000009
7,6,False,False,h,0.2258910257948399
7,6,False,False,dd,0.08965995032781558
7,6,False,False,sr,0.099
7,6,False,False,sp,0.1
7,7,False,False,st,-0.0010000000000000009
7,7,False,False,h,0.5929580945624866
7,7,False,False,dd,-0.0010000000000000009
7,7,False,False,sr,0.10123062567024943
7,7,False,False,sp,0.1
7,8,False,False,st,-0.0010000000000000009
7,8,False,False,h,0.31049840682083696
7,8,False,False,dd,0.1
7,8,False,False,sr,0.1
7,8,False,False,sp,0.1
7,9,False,False,st,-0.0010000000000000009
7,9,False,False,h,0.394002116160731
7,9,False,False,dd,-0.0010000000000000009
7,9,False,False,sr,0.09531441000000002
7,9,False,False,sp,0.1
7,10,False,False,st,-0.0010000000000000009
7,10,False,False,h,0.21492360561463647
7,10,False,False,dd,-0.0010000000000000009
7,10,False,False,sr,0.09729
7,10,False,False,sp,0.1
8,1,False,True,st,-0.0010000000000000009
8,1,False,True,h,0.099
8,1,False,True,dd,-0.0010000000000000009
8,1,False,True,sr,0.10452709518533894
8,1,False,True,sp,0.16327095185338933
8,1,False,False,st,-0.0010000000000000009
8,1,False,False,h,0.12780867914924693
8,1,False,False,dd,-0.0010000000000000009
8,1,False,False,sr,0.043486784401000005
8,1,False,False,sp,0.1
8,2,False,True,st,0.09701
8,2,False,True,h,0.099
8,2,False,True,dd,-0.0010000000000000009
8,2,False,True,sr,0.099
8,2,False,True,sp,0.18786171238652916
8,2,False,False,st,-0.0010000000000000009
8,2,False,False,h,0.13758288202181534
8,2,False,False,dd,-0.0010000000000000009
8,2,False,False,sr,0.0981
8,2,False,False,sp,0.1
8,3,False,False,st,-0.0010000000000000009
8,3,False,False,h,0.48514876060993767
8,3,False,False,dd,0.0048007270929232015
8,3,False,False,sr,0.09590490000000002
8,3,False,False,sp,0.1
8,3,False,True,st,0.08532652093010003
8,3,False,True,h,0.1
8,3,False,True,dd,0.1
8,3,False,True,sr,0.1
8,3,False,True,sp,0.099
8,4,False,False,st,0.1
8,4,False,False,h,0.459856201584992
8,4,False,False,dd,0.1
8,4,False,False,sr,0.1
8,4,False,False,sp,0.1
8,4,False,True,st,-0.0010000000000000009
8,4,False,True,h,0.19102325378043578
8,4,False,True,dd,0.1
8,4,False,True,sr,0.099
8,4,False,True,sp,0.1
8,5,False,False,st,-0.0010000000000000009
8,5,False,False,h,0.605632049735738
8,5,False,False,dd,-0.0019000000000000128
8,5,False,False,sr,0.09729
8,5,False,False,sp,0.1
8,5,False,True,st,0.1
8,5,False,True,h,0.29220377463101815
8,5,False,True,dd,0.1
8,5,False,True,sr,0.1
8,5,False,True,sp,0.1
8,6,False,False,st,-0.0010000000000000009
8,6,False,False,h,0.30072248889025
8,6,False,False,dd,-0.0010000000000000009
8,6,False,False,sr,0.099
8,6,False,False,sp,0.1
8,6,False,True,st,0.1
8,6,False,True,h,0.1
8,6,False,True,dd,0.04477985415994484
8,6,False,True,sr,0.1
8,6,False,True,sp,0.1
8,7,False,False,st,-0.0010000000000000009
8,7,False,False,h,0.1806813869048453
8,7,False,False,dd,0.02235761
8,7,False,False,sr,0.09478296900000002
8,7,False,False,sp,0.1
8,7,False,True,st,-0.0010000000000000009
8,7,False,True,h,0.099
8,7,False,True,dd,-0.0010000000000000009
8,7,False,True,sr,0.099
8,7,False,True,sp,0.15529674658241144
8,8,False,False,st,-0.0010000000000000009
8,8,False,False,h,0.6458874924721573
8,8,False,False,dd,0.010291723190000004
8,8,False,False,sr,0.09656100000000001
8,8,False,False,sp,0.1
8,8,False,True,st,0.09701
8,8,False,True,h,0.0981
8,8,False,True,dd,-0.0010000000000000009
8,8,False,True,sr,0.099
8,8,False,True,sp,0.09881971220906438
8,9,False,False,st,-0.09190000000000001
8,9,False,False,h,0.25325238215153767
8,9,False,False,dd,-0.0010000000000000009
8,9,False,False,sr,0.09590490000000002
8,9,False,False,sp,0.1
8,9,False,True,st,-0.0010000000000000009
8,9,False,True,h,0.099
8,9,False,True,dd,0.099
8,9,False,True,sr,0.099
8,9,False,True,sp,0.2130760320791992
8,10,False,False,st,-0.0010000000000000009
8,10,False,False,h,0.6328997293746634
8,10,False,False,dd,0.10810000000000003
8,10,False,False,sr,0.09478296900000002
8,10,False,False,sp,0.1
8,10,False,True,st,-0.0010000000000000009
8,10,False,True,h,0.099
8,10,False,True,dd,0.053414899999999974
8,10,False,True,sr,0.099
8,10,False,True,sp,0.3350303437068328
9,1,False,False,st,-0.0010000000000000009
9,1,False,False,h,0.10653448973447263
9,1,False,False,dd,0.08810000000000001
9,1,False,False,sr,0.09590490000000002
9,1,False,False,sp,0.1
9,2,False,False,st,-0.09190000000000001
9,2,False,False,h,0.1586850444040884
9,2,False,False,dd,-0.0010000000000000009
9,2,False,False,sr,0.0931381059609
9,2,False,False,sp,0.1
9,3,False,False,st,0.0142889023810642
9,3,False,False,h,0.2997766931229357
9,3,False,False,dd,0.07148501565246734
9,3,False,False,sr,0.099
9,3,False,False,sp,0.1
9,4,False,False,st,0.09701
9,4,False,False,h,0.9858616237167486
9,4,False,False,dd,0.1
9,4,False,False,sr,0.1
9,4,False,False,sp,0.1
9,5,False,False,st,-0.0010000000000000009
9,5,False,False,h,0.47943238711043806
9,5,False,False,dd,0.02825996633646312
9,5,False,False,sr,0.09166771816996666
9,5,False,False,sp,0.1
9,6,False,False,st,-0.0010000000000000009
9,6,False,False,h,1.1724059837765075
9,6,False,False,dd,0.043289999999999995
9,6,False,False,sr,0.09656100000000001
9,6,False,False,sp,0.1
9,7,False,False,st,0.09701
9,7,False,False,h,1.5227369612644135
9,7,False,False,dd,0.099
9,7,False,False,sr,0.099
9,7,False,False,sp,0.1
9,8,False,False,st,-0.003691
9,8,False,False,h,0.6479343691924647
9,8,False,False,dd,0.09167558245998969
9,8,False,False,sr,0.09590490000000002
9,8,False,False,sp,0.1
9,9,False,False,st,-0.0010000000000000009
9,9,False,False,h,0.1737895257469328
9,9,False,False,dd,0.08810000000000001
9,9,False,False,sr,0.09531441000000002
9,9,False,False,sp,0.1
9,10,False,False,st,-0.0010000000000000009
9,10,False,False,h,0.4514459561802877
9,10,False,False,dd,-0.101539
9,10,False,False,sr,0.09239503816762996
9,10,False,False,sp,0.1
10,1,False,False,st,0.09701
10,1,False,False,h,0.35790117556664264
10,1,False,False,dd,-0.0010000000000000009
10,1,False,False,sr,-0.0010000000000000009
10,1,False,False,sp,0.1
10,1,False,True,st,-0.0010000000000000009
10,1,False,True,h,0.0981
10,1,False,True,dd,-0.0010000000000000009
10,1,False,True,sr,0.09801
10,1,False,True,sp,0.09744300738073067
10,2,False,True,st,0.09701
10,2,False,True,h,0.099
10,2,False,True,dd,0.099
10,2,False,True,sr,0.099
10,2,False,True,sp,0.09997038700081533
10,2,False,False,st,0.09701
10,2,False,False,h,0.099
10,2,False,False,dd,2.731755126253031
10,2,False,False,sr,0.099
10,2,False,False,sp,0.1
10,2,True,False,st,0.1
10,2,True,False,h,0.1
10,2,True,False,dd,0.1
10,2,True,False,sr,0.1
10,2,True,False,sp,0.1
10,3,False,False,st,0.339904056359835
10,3,False,False,h,1.2729122848922005
10,3,False,False,dd,-0.0010000000000000009
10,3,False,False,sr,0.1
10,3,False,False,sp,0.1
10,3,False,True,st,-0.0010000000000000009
10,3,False,True,h,0.7206966801518533
10,3,False,True,dd,0.1
10,3,False,True,sr,0.1
10,3,False,True,sp,0.099
10,4,False,False,st,0.0554492252332521
10,4,False,False,h,0.6303620270992689
10,4,False,False,dd,0.6732689115294067
10,4,False,False,sr,0.099
10,4,False,False,sp,0.1
10,4,False,True,st,0.1
10,4,False,True,h,0.1
10,4,False,True,dd,0.1
10,4,False,True,sr,0.1
10,4,False,True,sp,0.2029235729014402
10,5,False,True,st,0.09701
10,5,False,True,h,0.19829094760377167
10,5,False,True,dd,0.1
10,5,False,True,sr,0.099
10,5,False,True,sp,0.1
10,5,False,False,st,-0.0010000000000000009
10,5,False,False,h,2.206971421791936
10,5,False,False,dd,0.1
10,5,False,False,sr,0.1
10,5,False,False,sp,0.1
10,6,False,False,st,-0.0010000000000000009
10,6,False,False,h,1.4370975116801776
10,6,False,False,dd,0.1
10,6,False,False,sr,0.099
10,6,False,False,sp,0.1
10,6,False,True,st,0.09209950099999997
10,6,False,True,h,0.099
10,6,False,True,dd,0.199
10,6,False,True,sr,0.1
10,6,False,True,sp,0.1
10,7,False,False,st,0.09701
10,7,False,False,h,1.963134625360406
10,7,False,False,dd,-0.0010000000000000009
10,7,False,False,sr,0.099
10,7,False,False,sp,0.1
10,7,False,True,st,-0.0010000000000000009
10,7,False,True,h,0.099
10,7,False,True,dd,-0.0010000000000000009
10,7,False,True,sr,0.099
10,7,False,True,sp,0.21759321939459347
10,8,False,False,st,-0.0010000000000000009
10,8,False,False,h,3.7414277155530242
10,8,False,False,dd,-0.0010000000000000009
10,8,False,False,sr,0.0981
10,8,False,False,sp,0.1
10,8,False,True,st,0.1940399
10,8,False,True,h,0.1
10,8,False,True,dd,0.1
10,8,False,True,sr,0.1
10,8,False,True,sp,0.1
10,8,True,False,st,0.1
10,8,True,False,h,0.1
10,8,True,False,dd,0.1
10,8,True,False,sr,0.1
10,8,True,False,sp,0.1
10,9,False,True,st,-0.0010000000000000009
10,9,False,True,h,0.0981
10,9,False,True,dd,0.01343067172106481
10,9,False,True,sr,0.09801
10,9,False,True,sp,0.099
10,9,False,False,st,-0.0010000000000000009
10,9,False,False,h,2.3855207857937764
10,9,False,False,dd,-0.0010000000000000009
10,9,False,False,sr,0.0981
10,9,False,False,sp,0.1
10,9,True,False,st,0.1
10,9,True,False,h,0.1
10,9,True,False,dd,0.1
10,9,True,False,sr,0.1
10,9,True,False,sp,0.1
10,10,False,False,st,-0.0010000000000000009
10,10,False,False,h,2.285561303515604
10,10,False,False,dd,0.3982265814477771
10,10,False,False,sr,0.099
10,10,False,False,sp,0.1
10,10,False,True,st,-0.0010000000000000009
10,10,False,True,h,2.5445316010879098
10,10,False,True,dd,0.013041383932568873
10,10,False,True,sr,0.099
10,10,False,True,sp,0.099
11,1,False,False,st,-0.0010000000000000009
11,1,False,False,h,0.8438013743135149
11,1,False,False,dd,0.012003917369576317
11,1,False,False,sr,0.09656100000000001
11,1,False,False,sp,0.1
11,2,False,False,st,-0.0010000000000000009
11,2,False,False,h,1.5263040599425273
11,2,False,False,dd,0.06046099999999999
11,2,False,False,sr,0.09590490000000002
11,2,False,False,sp,0.1
11,3,False,False,st,0.1883507347738655
11,3,False,False,h,0.922787175091331
11,3,False,False,dd,0.1
11,3,False,False,sr,0.1
11,3,False,False,sp,0.1
11,4,False,False,st,-0.0010000000000000009
11,4,False,False,h,0.35912523692689036
11,4,False,False,dd,0.006733140290000009
11,4,False,False,sr,0.099
11,4,False,False,sp,0.1
11,5,False,False,st,-0.0010000000000000009
11,5,False,False,h,0.9957477062106966
11,5,False,False,dd,-0.0010000000000000009
11,5,False,False,sr,0.09729
11,5,False,False,sp,0.1
11,6,False,False,st,0.21832628682122282
11,6,False,False,h,0.099
11,6,False,False,dd,1.0435927799754707
11,6,False,False,sr,0.1
11,6,False,False,sp,0.1
11,7,False,False,st,-0.0010000000000000009
11,7,False,False,h,1.727647038067119
11,7,False,False,dd,0.1
11,7,False,False,sr,0.1
11,7,False,False,sp,0.1
11,8,False,False,st,-0.0010000000000000009
11,8,False,False,h,-0.005032365729352339
11,8,False,False,dd,-0.0010000000000000009
11,8,False,False,sr,0.0907787207028702
11,8,False,False,sp,0.1
11,9,False,False,st,-0.0010000000000000009
11,9,False,False,h,1.4855816757869287
11,9,False,False,dd,0.015929
11,9,False,False,sr,0.0981
11,9,False,False,sp,0.1
11,10,False,False,st,0.04690920987351432
11,10,False,False,h,2.328232932166117
11,10,False,False,dd,-0.0010000000000000009
11,10,False,False,sr,0.09729
11,10,False,False,sp,0.1
12,1,False,False,st,-0.09190000000000001
12,1,False,False,h,-0.08124003532554722
12,1,False,False,dd,-0.0010000000000000009
12,1,False,False,sr,0.08814689011350649
12,1,False,False,sp,0.1
12,1,False,True,st,-0.0010000000000000009
12,1,False,True,h,-0.05270999999999999
12,1,False,True,dd,-0.0010000000000000009
12,1,False,True,sr,0.09509900499000001
12,1,False,True,sp,0.09487823914145134
12,1,True,True,st,-0.0010000000000000009
12,1,True,True,h,0.0981
12,1,True,True,dd,-0.0010000000000000009
12,1,True,True,sr,0.09801
12,1,True,True,sp,0.4133914028740957
12,1,True,False,st,-0.0010000000000000009
12,1,True,False,h,0.11234058022766188
12,1,True,False,dd,-0.05100000000000002
12,1,True,False,sr,0.099
12,1,True,False,sp,0.1
12,2,False,False,st,-0.029125423541373152
12,2,False,False,h,-0.05100000000000002
12,2,False,False,dd,-0.05100000000000002
12,2,False,False,sr,0.08994114039880495
12,2,False,False,sp,0.1
12,2,True,True,st,0.38719850599000005
12,2,True,True,h,0.1
12,2,True,True,dd,0.1
12,2,True,True,sr,0.099
12,2,True,True,sp,0.1
12,2,False,True,st,-0.0010000000000000009
12,2,False,True,h,-0.05228493727011525
12,2,False,True,dd,-0.05100000000000002
12,2,False,True,sr,0.0970299
12,2,False,True,sp,0.2335693580783114
12,2,True,False,st,-0.0010000000000000009
12,2,True,False,h,0.09656100000000001
12,2,True,False,dd,-0.0010000000000000009
12,2,True,False,sr,0.09729
12,2,True,False,sp,0.1
12,3,False,False,st,-0.003691
12,3,False,False,h,-0.18771
12,3,False,False,dd,-0.05140751467126699
12,3,False,False,sr,0.08993275014932915
12,3,False,False,sp,0.1
12,3,True,True,st,-0.0010000000000000009
12,3,True,True,h,0.099
12,3,True,True,dd,0.44903650822988284
12,3,True,True,sr,0.099
12,3,True,True,sp,0.1
12,3,True,False,st,-0.0010000000000000009
12,3,True,False,h,0.099
12,3,True,False,dd,0.5260999443590254
12,3,True,False,sr,0.1
12,3,True,False,sp,0.1
12,3,False,True,st,-0.0010000000000000009
12,3,False,True,h,0.099
12,3,False,True,dd,-0.05100000000000002
12,3,False,True,sr,0.099
12,3,False,True,sp,0.1
12,4,False,False,st,-0.04733900000000002
12,4,False,False,h,-0.06537626741108686
12,4,False,False,dd,-0.012038999999999994
12,4,False,False,sr,0.08860948686106235
12,4,False,False,sp,0.1
12,4,True,False,st,-0.0010000000000000009
12,4,True,False,h,-0.0519
12,4,True,False,dd,-0.0010000000000000009
12,4,True,False,sr,0.09656100000000001
12,4,True,False,sp,0.1
12,4,True,True,st,0.1
12,4,True,True,h,0.1
12,4,True,True,dd,0.6773974119481794
12,4,True,True,sr,0.1
12,4,True,True,sp,0.1
12,4,False,True,st,-0.0010000000000000009
12,4,False,True,h,0.099
12,4,False,True,dd,-0.0010000000000000009
12,4,False,True,sr,0.099
12,4,False,True,sp,0.099
12,5,False,False,st,-0.0010000000000000009
12,5,False,False,h,-0.05100000000000002
12,5,False,False,dd,-0.034538999999999986
12,5,False,False,sr,0.09000002118708313
12,5,False,False,sp,0.1
12,5,True,True,st,0.1
12,5,True,True,h,0.13478220246892716
12,5,True,True,dd,0.1
12,5,True,True,sr,0.1
12,5,True,True,sp,0.1
12,5,False,True,st,-0.0010000000000000009
12,5,False,True,h,-0.05270999999999999
12,5,False,True,dd,-0.0010000000000000009
12,5,False,True,sr,0.09801
12,5,False,True,sp,0.0981
12,5,True,False,st,0.07868832316359099
12,5,True,False,h,-0.05100000000000002
12,5,True,False,dd,0.2486844092504552
12,5,True,False,sr,0.1
12,5,True,False,sp,0.1
12,6,False,False,st,-0.003691
12,6,False,False,h,-0.18771
12,6,False,False,dd,-0.0019000000000000128
12,6,False,False,sr,0.09000000820831011
12,6,False,False,sp,0.1
12,6,True,False,st,0.199
12,6,True,False,h,0.1
12,6,True,False,dd,0.1
12,6,True,False,sr,0.1
12,6,True,False,sp,0.1
12,6,True,True,st,0.09701
12,6,True,True,h,0.6039243471891195
12,6,True,True,dd,0.1
12,6,True,True,sr,0.1
12,6,True,True,sp,0.1
12,6,False,True,st,0.09701
12,6,False,True,h,0.42422259109185734
12,6,False,True,dd,0.025463591000000008
12,6,False,True,sr,0.1
12,6,False,True,sp,0.1
12,7,False,False,st,-0.0010000000000000009
12,7,False,False,h,-0.05100000000000002
12,7,False,False,dd,-0.075013359
12,7,False,False,sr,0.05164897406681182
12,7,False,False,sp,0.1
12,7,False,True,st,0.09701
12,7,False,True,h,-0.05100000000000002
12,7,False,True,dd,-0.05100000000000002
12,7,False,True,sr,0.099
12,7,False,True,sp,0.22902983003792904
12,7,True,True,st,0.1
12,7,True,True,h,0.1
12,7,True,True,dd,0.1
12,7,True,True,sr,0.1
12,7,True,True,sp,0.9366005271250171
12,7,True,False,st,0.09701
12,7,True,False,h,0.5239392111695591
12,7,True,False,dd,0.1
12,7,True,False,sr,0.13578662013263576
12,7,True,False,sp,0.1
12,8,False,False,st,-0.0010000000000000009
12,8,False,False,h,-0.018068028913328982
12,8,False,False,dd,-0.05100000000000002
12,8,False,False,sr,0.08787897243682574
12,8,False,False,sp,0.1
12,8,False,True,st,-0.0010000000000000009
12,8,False,True,h,-0.05100000000000002
12,8,False,True,dd,-0.04760900204010629
12,8,False,True,sr,0.099
12,8,False,True,sp,0.21062759504065437
12,8,True,False,st,-0.0010000000000000009
12,8,True,False,h,-0.05100000000000002
12,8,True,False,dd,-0.0010000000000000009
12,8,True,False,sr,0.1
12,8,True,False,sp,0.1
12,8,True,True,st,-0.0010000000000000009
12,8,True,True,h,0.5770334507234087
12,8,True,True,dd,0.1
12,8,True,True,sr,0.099
12,8,True,True,sp,0.1
12,9,True,False,st,0.196309
12,9,True,False,h,0.08504151755330214
12,9,True,False,dd,-0.05100000000000002
12,9,True,False,sr,0.09656100000000001
12,9,True,False,sp,0.1
12,9,True,True,st,-0.0010000000000000009
12,9,True,True,h,0.099
12,9,True,True,dd,0.03382099999999999
12,9,True,True,sr,0.1
12,9,True,True,sp,0.1
12,9,False,False,st,-0.0010000000000000009
12,9,False,False,h,-0.0519
12,9,False,False,dd,-0.1869
12,9,False,False,sr,0.08824115906050059
12,9,False,False,sp,0.1
12,9,False,True,st,-0.0010000000000000009
12,9,False,True,h,0.099
12,9,False,True,dd,0.09594254976199998
12,9,False,True,sr,0.099
12,9,False,True,sp,0.099
12,10,True,True,st,-0.0010000000000000009
12,10,True,True,h,0.099
12,10,True,True,dd,0.04240373902240041
12,10,True,True,sr,0.099
12,10,True,True,sp,0.9536532956513946
12,10,True,False,st,-0.0010000000000000009
12,10,True,False,h,-0.05100000000000002
12,10,True,False,dd,0.04433723299807933
12,10,True,False,sr,1.7021223450017355
12,10,True,False,sp,0.1
12,10,False,False,st,-0.23164358572126897
12,10,False,False,h,-0.18843899999999997
12,10,False,False,dd,-0.15920704977559855
12,10,False,False,sr,0.07970495147574005
12,10,False,False,sp,0.1
12,10,False,True,st,0.11336089681135156
12,10,False,True,h,0.07273481204643392
12,10,False,True,dd,-0.0010000000000000009
12,10,False,True,sr,0.09801
12,10,False,True,sp,0.270349225013927
13,1,False,False,st,-0.09190000000000001
13,1,False,False,h,-0.024210000000000016
13,1,False,False,dd,-0.056119509999999984
13,1,False,False,sr,0.05665206879142316
13,1,False,False,sp,0.1
13,1,True,False,st,-0.0010000000000000009
13,1,True,False,h,-0.053439
13,1,True,False,dd,-0.0010000000000000009
13,1,True,False,sr,0.09150094635297
13,1,True,False,sp,0.1
13,2,True,False,st,-0.0010000000000000009
13,2,True,False,h,-0.053439
13,2,True,False,dd,-0.0010000000000000009
13,2,True,False,sr,0.0931381059609
13,2,True,False,sp,0.1
13,2,False,False,st,-0.14499753160762935
13,2,False,False,h,-0.0519
13,2,False,False,dd,-0.05100000000000002
13,2,False,False,sr,0.05473196003712137
13,2,False,False,sp,0.1
13,3,False,False,st,-0.003691
13,3,False,False,h,-0.05270999999999999
13,3,False,False,dd,-0.05100000000000002
13,3,False,False,sr,0.09000000169001829
13,3,False,False,sp,0.1
13,3,True,False,st,-0.0010000000000000009
13,3,True,False,h,0.6386246186638153
13,3,True,False,dd,-0.13690000000000002
13,3,True,False,sr,0.099
13,3,True,False,sp,0.1
13,4,True,False,st,-0.09190000000000001
13,4,True,False,h,-0.02400051913689691
13,4,True,False,dd,-0.0010000000000000009
13,4,True,False,sr,0.09166771816996666
13,4,True,False,sp,0.1
13,4,False,False,st,-0.015341911129000005
13,4,False,False,h,-0.05100000000000002
13,4,False,False,dd,0.03966604724963177
13,4,False,False,sr,0.07856160663458028
13,4,False,False,sp,0.1
13,5,True,False,st,-0.0010000000000000009
13,5,True,False,h,-0.05270999999999999
13,5,True,False,dd,0.07001171
13,5,True,False,sr,0.09228767924549611
13,5,True,False,sp,0.1
13,5,False,False,st,-0.0010000000000000009
13,5,False,False,h,-0.026679427944899997
13,5,False,False,dd,-0.05100000000000002
13,5,False,False,sr,0.09000000025366267
13,5,False,False,sp,0.1
13,6,False,False,st,-0.003691
13,6,False,False,h,0.03218488359358172
13,6,False,False,dd,-0.026893650369955974
13,6,False,False,sr,0.07587852428477099
13,6,False,False,sp,0.1
13,6,True,False,st,0.06092791988763596
13,6,True,False,h,0.23559864554913584
13,6,True,False,dd,0.1
13,6,True,False,sr,0.099
13,6,True,False,sp,0.1
13,7,False,False,st,-0.0010000000000000009
13,7,False,False,h,-0.0366491318560761
13,7,False,False,dd,-0.03658510000000002
13,7,False,False,sr,0.07754020233024869
13,7,False,False,sp,0.1
13,7,True,False,st,-0.003691
13,7,True,False,h,-0.05270999999999999
13,7,True,False,dd,-0.0010000000000000009
13,7,True,False,sr,0.0920589113209465
13,7,True,False,sp,0.1
13,8,False,False,st,-0.0010000000000000009
13,8,False,False,h,-0.0519
13,8,False,False,dd,-0.0010000000000000009
13,8,False,False,sr,0.0900086416111789
13,8,False,False,sp,0.1
13,8,True,False,st,0.09701
13,8,True,False,h,0.099
13,8,True,False,dd,0.06354478155947912
13,8,True,False,sr,0.09861604197814519
13,8,True,False,sp,0.1
13,9,False,False,st,-0.09190000000000001
13,9,False,False,h,-0.0519
13,9,False,False,dd,0.07402311246858592
13,9,False,False,sr,0.09000011433811272
13,9,False,False,sp,0.1
13,9,True,False,st,-0.0010000000000000009
13,9,True,False,h,-0.0519
13,9,True,False,dd,-0.013474502379999989
13,9,True,False,sr,0.08348003913733366
13,9,True,False,sp,0.1
13,10,False,False,st,-0.06733900000000001
13,10,False,False,h,-0.26994509999999994
13,10,False,False,dd,-0.3336756651
13,10,False,False,sr,0.09212437887085914
13,10,False,False,sp,0.1
13,10,True,False,st,-0.13858675514119898
13,10,True,False,h,-0.0519
13,10,True,False,dd,-0.0010000000000000009
13,10,True,False,sr,0.12318202590309721
13,10,True,False,sp,0.1
14,1,False,True,st,-0.0010000000000000009
14,1,False,True,h,0.09656100000000001
14,1,False,True,dd,-0.0010000000000000009
14,1,False,True,sr,0.09605960100000001
14,1,False,True,sp,0.09656100000000001
14,1,False,False,st,-0.09190000000000001
14,1,False,False,h,-0.036900000000000016
14,1,False,False,dd,-0.05425404894856109
14,1,False,False,sr,0.024157964754290613
14,1,False,False,sp,0.1
14,1,True,False,st,-0.003691
14,1,True,False,h,-0.0568618940391
14,1,True,False,dd,-0.05100000000000002
14,1,True,False,sr,0.061069204890000006
14,1,True,False,sp,0.1
14,2,False,False,st,-0.0010000000000000009
14,2,False,False,h,-0.036900000000000016
14,2,False,False,dd,-0.05100000000000002
14,2,False,False,sr,0.061918043227992534
14,2,False,False,sp,0.1
14,2,True,False,st,-0.0010000000000000009
14,2,True,False,h,0.09430467210000001
14,2,True,False,dd,-0.0010000000000000009
14,2,True,False,sr,0.09430467210000001
14,2,True,False,sp,0.1
14,2,False,True,st,0.09701
14,2,False,True,h,-0.0519
14,2,False,True,dd,-0.05100000000000002
14,2,False,True,sr,0.09801
14,2,False,True,sp,0.09823917627008258
14,3,False,False,st,-0.09190000000000001
14,3,False,False,h,-0.02896626058759756
14,3,False,False,dd,-0.1869
14,3,False,False,sr,0.09000928727199918
14,3,False,False,sp,0.1
14,3,True,False,st,-0.0010000000000000009
14,3,True,False,h,-0.020289467539533923
14,3,True,False,dd,0.016730900000000007
14,3,True,False,sr,0.0931381059609
14,3,True,False,sp,0.1
14,3,False,True,st,-0.0010000000000000009
14,3,False,True,h,-0.0519
14,3,False,True,dd,-0.13690000000000002
14,3,False,True,sr,0.099
14,3,False,True,sp,0.099
14,4,False,False,st,-0.008110449100000028
14,4,False,False,h,-0.1869
14,4,False,False,dd,-0.05100000000000002
14,4,False,False,sr,0.09000001716153734
14,4,False,False,sp,0.1
14,4,True,False,st,-0.0010000000000000009
14,4,True,False,h,-0.04054794953175554
14,4,True,False,dd,-0.05100000000000002
14,4,True,False,sr,0.09088629381196525
14,4,True,False,sp,0.1
14,4,False,True,st,-0.0010000000000000009
14,4,False,True,h,-0.05100000000000002
14,4,False,True,dd,-0.05100000000000002
14,4,False,True,sr,0.09801
14,4,False,True,sp,0.099
14,5,False,False,st,0.03951219110164228
14,5,False,False,h,-0.05100000000000002
14,5,False,False,dd,-0.0519
14,5,False,False,sr,0.08898626188771254
14,5,False,False,sp,0.1
14,5,True,False,st,0.08948842639099996
14,5,True,False,h,-0.0366639
14,5,True,False,dd,0.08810000000000001
14,5,True,False,sr,0.09185302018885184
14,5,True,False,sp,0.1
14,5,False,True,st,-0.0010000000000000009
14,5,False,True,h,-0.05100000000000002
14,5,False,True,dd,0.9049897853896021
14,5,False,True,sr,0.1
14,5,False,True,sp,0.1
14,6,False,False,st,-0.004626570202335048
14,6,False,False,h,-0.0519
14,6,False,False,dd,-0.05100000000000002
14,6,False,False,sr,0.08166158341950483
14,6,False,False,sp,0.1
14,6,True,False,st,-0.0010000000000000009
14,6,True,False,h,0.099
14,6,True,False,dd,0.42171004747117957
14,6,True,False,sr,0.099
14,6,True,False,sp,0.1
14,6,False,True,st,-0.0010000000000000009
14,6,False,True,h,0.09709097440355385
14,6,False,True,dd,-0.05100000000000002
14,6,False,True,sr,0.09801
14,6,False,True,sp,0.22725874587952927
14,7,False,False,st,-0.003691
14,7,False,False,h,-0.05100000000000002
14,7,False,False,dd,0.038099999999999995
14,7,False,False,sr,0.09000007501723575
14,7,False,False,sp,0.1
14,7,True,False,st,-0.0010000000000000009
14,7,True,False,h,-0.036992768099999976
14,7,True,False,dd,-0.0010000000000000009
14,7,True,False,sr,0.09228767924549611
14,7,True,False,sp,0.1
14,7,False,True,st,0.09701
14,7,False,True,h,-0.05100000000000002
14,7,False,True,dd,0.1
14,7,False,True,sr,0.1
14,7,False,True,sp,0.099
14,8,False,False,st,-0.17371000000000003
14,8,False,False,h,-0.0669589486792182
14,8,False,False,dd,-0.05100000000000002
14,8,False,False,sr,0.0802879669906877
14,8,False,False,sp,0.1
14,8,True,False,st,-0.0010000000000000009
14,8,True,False,h,0.0659643612904596
14,8,True,False,dd,0.04518412176480361
14,8,True,False,sr,0.093486784401
14,8,True,False,sp,0.1
14,8,False,True,st,0.09701
14,8,False,True,h,-0.04469204555714891
14,8,False,True,dd,-0.05100000000000002
14,8,False,True,sr,0.09801
14,8,False,True,sp,0.099
14,9,False,False,st,-0.09190000000000001
14,9,False,False,h,-0.05100000000000002
14,9,False,False,dd,-0.0010000000000000009
14,9,False,False,sr,0.08556855448137723
14,9,False,False,sp,0.1
14,9,True,False,st,-0.0010000000000000009
14,9,True,False,h,-0.05569532789999998
14,9,True,False,dd,-0.05100000000000002
14,9,True,False,sr,0.093486784401
14,9,True,False,sp,0.1
14,9,False,True,st,-0.0010000000000000009
14,9,False,True,h,0.099
14,9,False,True,dd,-0.05100000000000002
14,9,False,True,sr,0.099
14,9,False,True,sp,0.1248621319478777
14,10,True,False,st,-0.0010000000000000009
14,10,True,False,h,-0.05270999999999999
14,10,True,False,dd,1.8079390723174962
14,10,True,False,sr,0.18438072820709187
14,10,True,False,sp,0.1
14,10,False,False,st,-0.04733900000000002
14,10,False,False,h,-0.30921
14,10,False,False,dd,-0.016210000000000002
14,10,False,False,sr,0.06814216299093
14,10,False,False,sp,0.1
14,10,False,True,st,-0.09199000000000002
14,10,False,True,h,-0.0519
14,10,False,True,dd,-0.05100000000000002
14,10,False,True,sr,0.09801
14,10,False,True,sp,0.14339545644441182
15,1,False,False,st,-0.0010000000000000009
15,1,False,False,h,-0.0519
15,1,False,False,dd,-0.1869
15,1,False,False,sr,0.08371889711267308
15,1,False,False,sp,0.1
15,1,True,False,st,-0.0010000000000000009
15,1,True,False,h,-0.0519
15,1,True,False,dd,-0.0010000000000000009
15,1,True,False,sr,0.09109418989131512
15,1,True,False,sp,0.1
15,2,False,False,st,-0.0010000000000000009
15,2,False,False,h,-0.04673422619645101
15,2,False,False,dd,-0.034538999999999986
15,2,False,False,sr,0.08892402224269753
15,2,False,False,sp,0.1
15,2,True,False,st,-0.0010000000000000009
15,2,True,False,h,-0.04917675650999999
15,2,True,False,dd,-0.0010000000000000009
15,2,True,False,sr,0.05014610818892267
15,2,True,False,sp,0.1
15,3,False,False,st,-0.003691
15,3,False,False,h,-0.036900000000000016
15,3,False,False,dd,-0.0994929
15,3,False,False,sr,0.21698839116054328
15,3,False,False,sp,0.1
15,3,True,False,st,-0.003691
15,3,True,False,h,-0.0389226486668217
15,3,True,False,dd,-0.0010000000000000009
15,3,True,False,sr,0.092541865828329
15,3,True,False,sp,0.1
15,4,False,False,st,-0.0010000000000000009
15,4,False,False,h,-0.05100000000000002
15,4,False,False,dd,0.038099999999999995
15,4,False,False,sr,0.11487832394787892
15,4,False,False,sp,0.1
15,4,True,False,st,-0.0010000000000000009
15,4,True,False,h,-0.0519
15,4,True,False,dd,-0.0010000000000000009
15,4,True,False,sr,0.09185302018885184
15,4,True,False,sp,0.1
15,5,False,False,st,-0.0010000000000000009
15,5,False,False,h,-0.31059509999999996
15,5,False,False,dd,-0.022538930999999957
15,5,False,False,sr,0.09000001125968465
15,5,False,False,sp,0.1
15,5,True,False,st,-0.0010000000000000009
15,5,True,False,h,-0.002350830511761881
15,5,True,False,dd,-0.04976987100000001
15,5,True,False,sr,0.09150094635297
15,5,True,False,sp,0.1
15,6,False,False,st,-0.09647981290000003
15,6,False,False,h,-0.044908971000000006
15,6,False,False,dd,-0.05100000000000002
15,6,False,False,sr,0.08828316126992125
15,6,False,False,sp,0.1
15,6,True,False,st,0.09701
15,6,True,False,h,0.099
15,6,True,False,dd,1.3592210269528284
15,6,True,False,sr,0.1
15,6,True,False,sp,0.1
15,7,False,False,st,-0.017509816562603697
15,7,False,False,h,-0.05100000000000002
15,7,False,False,dd,-0.20934797100000002
15,7,False,False,sr,0.08999965245457153
15,7,False,False,sp,0.1
15,7,True,False,st,0.08256971518359105
15,7,True,False,h,1.4450957432286438
15,7,True,False,dd,0.1
15,7,True,False,sr,0.1
15,7,True,False,sp,0.1
15,8,False,False,st,-0.09190000000000001
15,8,False,False,h,-0.0519
15,8,False,False,dd,-0.0010000000000000009
15,8,False,False,sr,0.27371902791849384
15,8,False,False,sp,0.1
15,8,True,False,st,-0.0010000000000000009
15,8,True,False,h,0.921072504223616
15,8,True,False,dd,-0.09190000000000001
15,8,True,False,sr,0.099
15,8,True,False,sp,0.1
15,9,False,False,st,-0.09190000000000001
15,9,False,False,h,-0.05100000000000002
15,9,False,False,dd,-0.05410685312863425
15,9,False,False,sr,0.03782397908340836
15,9,False,False,sp,0.1
15,9,True,False,st,-0.0010000000000000009
15,9,True,False,h,0.09410062585949101
15,9,True,False,dd,-0.05100000000000002
15,9,True,False,sr,0.09430467210000001
15,9,True,False,sp,0.1
15,10,False,False,st,-0.04376722968999999
15,10,False,False,h,-0.30921
15,10,False,False,dd,-0.382839
15,10,False,False,sr,0.09058878067734567
15,10,False,False,sp,0.1
15,10,True,False,st,-0.0010000000000000009
15,10,True,False,h,0.03173479975423904
15,10,True,False,dd,-0.05100000000000002
15,10,True,False,sr,0.3709790193832784
15,10,True,False,sp,0.1
16,1,True,False,st,-0.0010000000000000009
16,1,True,False,h,-0.0519
16,1,True,False,dd,-0.0010000000000000009
16,1,True,False,sr,0.09166771816996666
16,1,True,False,sp,0.1
16,1,False,False,st,-0.09190000000000001
16,1,False,False,h,-0.05100000000000002
16,1,False,False,dd,-0.05100000000000002
16,1,False,False,sr,-0.0019617183024224216
16,1,False,False,sp,0.1
16,1,False,True,st,-0.0010000000000000009
16,1,False,True,h,-0.05100000000000002
16,1,False,True,dd,-0.05100000000000002
16,1,False,True,sr,0.0970299
16,1,False,True,sp,0.09656100000000001
16,2,False,True,st,0.08256971518359105
16,2,False,True,h,0.07401075028850435
16,2,False,True,dd,-0.05100000000000002
16,2,False,True,sr,0.1
16,2,False,True,sp,0.1
16,2,False,False,st,-0.01431978458615285
16,2,False,False,h,-0.18771
16,2,False,False,dd,-0.022413635913668073
16,2,False,False,sr,0.08298150806319973
16,2,False,False,sp,0.1
16,2,True,False,st,-0.0010000000000000009
16,2,True,False,h,-0.02981576309999999
16,2,True,False,dd,-0.0010000000000000009
16,2,True,False,sr,0.09166771816996666
16,2,True,False,sp,0.1
16,3,True,False,st,-0.0010000000000000009
16,3,True,False,h,0.05773891949254553
16,3,True,False,dd,-0.0010000000000000009
16,3,True,False,sr,0.09079766443076873
16,3,True,False,sp,0.1
16,3,False,False,st,-0.0010000000000000009
16,3,False,False,h,-0.028279836054040768
16,3,False,False,dd,-0.1869
16,3,False,False,sr,0.08655376010034889
16,3,False,False,sp,0.1
16,3,False,True,st,-0.0010000000000000009
16,3,False,True,h,-0.05100000000000002
16,3,False,True,dd,-0.0010000000000000009
16,3,False,True,sr,0.09801
16,3,False,True,sp,0.11455496732156792
16,4,True,False,st,-0.0010000000000000009
16,4,True,False,h,-0.038032840419000014
16,4,True,False,dd,0.016463591
16,4,True,False,sr,0.0912157665459057
16,4,True,False,sp,0.1
16,4,False,True,st,0.09701
16,4,False,True,h,-0.05100000000000002
16,4,False,True,dd,-0.05100000000000002
16,4,False,True,sr,0.09801
16,4,False,True,sp,0.12564549288988044
16,4,False,False,st,-0.0010000000000000009
16,4,False,False,h,-0.05100000000000002
16,4,False,False,dd,-0.05100000000000002
16,4,False,False,sr,0.08845492563335254
16,4,False,False,sp,0.1
16,5,True,False,st,-0.0010000000000000009
16,5,True,False,h,-0.026608945204906226
16,5,True,False,dd,-0.05100000000000002
16,5,True,False,sr,0.093486784401
16,5,True,False,sp,0.1
16,5,False,False,st,-0.01431978458615285
16,5,False,False,h,-0.1869
16,5,False,False,dd,-0.05100000000000002
16,5,False,False,sr,0.052423634710317926
16,5,False,False,sp,0.1
16,5,False,True,st,0.6642616275326356
16,5,False,True,h,0.1
16,5,False,True,dd,0.1
16,5,False,True,sr,0.1
16,5,False,True,sp,0.1
16,6,False,False,st,-0.09190000000000001
16,6,False,False,h,-0.30921
16,6,False,False,dd,-0.015711539469000002
16,6,False,False,sr,0.09000006076396096
16,6,False,False,sp,0.1
16,6,True,False,st,0.09701
16,6,True,False,h,0.09729
16,6,True,False,dd,0.03108754444607223
16,6,True,False,sr,0.09729
16,6,True,False,sp,0.1
16,6,False,True,st,0.09209950099999997
16,6,False,True,h,-0.05100000000000002
16,6,False,True,dd,0.07068295730010002
16,6,False,True,sr,0.099
16,6,False,True,sp,0.11327793126404827
16,7,False,False,st,-0.09190000000000001
16,7,False,False,h,-0.0519
16,7,False,False,dd,-0.05100000000000002
16,7,False,False,sr,0.07890579080745148
16,7,False,False,sp,0.1
16,7,True,False,st,-0.008110449100000028
16,7,True,False,h,0.055881884091831785
16,7,True,False,dd,-0.05100000000000002
16,7,True,False,sr,-0.01565490714800591
16,7,True,False,sp,0.1
16,7,False,True,st,0.09701
16,7,False,True,h,0.099
16,7,False,True,dd,0.6143737437935847
16,7,False,True,sr,0.1
16,7,False,True,sp,0.099
16,8,False,False,st,-0.0010000000000000009
16,8,False,False,h,-0.023490000000000014
16,8,False,False,dd,-0.05100000000000002
16,8,False,False,sr,0.08452690434961346
16,8,False,False,sp,0.1
16,8,True,False,st,-0.0010000000000000009
16,8,True,False,h,0.0844669131055123
16,8,True,False,dd,-0.0010000000000000009
16,8,True,False,sr,0.0912157665459057
16,8,True,False,sp,0.1
16,8,False,True,st,-0.0010000000000000009
16,8,False,True,h,-0.05100000000000002
16,8,False,True,dd,-0.05100000000000002
16,8,False,True,sr,0.099
16,8,False,True,sp,0.2035359518930884
16,9,False,False,st,-0.0010000000000000009
16,9,False,False,h,-0.05100000000000002
16,9,False,False,dd,-0.05100000000000002
16,9,False,False,sr,0.09000003986723479
16,9,False,False,sp,0.1
16,9,True,False,st,-0.003691
16,9,True,False,h,0.09430467210000001
16,9,True,False,dd,-0.0519
16,9,True,False,sr,0.09478296900000002
16,9,True,False,sp,0.1
16,9,False,True,st,-0.0010000000000000009
16,9,False,True,h,-0.027882689999999988
16,9,False,True,dd,-0.05100000000000002
16,9,False,True,sr,0.0970299
16,9,False,True,sp,0.09729
16,10,False,False,st,-0.24733900000000003
16,10,False,False,h,-0.0006295456081058803
16,10,False,False,dd,-0.016548441016706383
16,10,False,False,sr,0.08707605116263058
16,10,False,False,sp,0.1
16,10,True,False,st,-0.0010000000000000009
16,10,True,False,h,-0.03863567601562108
16,10,True,False,dd,0.0004953386651492947
16,10,True,False,sr,0.08073759627179673
16,10,True,False,sp,0.1
16,10,False,True,st,0.09209950099999997
16,10,False,True,h,-0.05100000000000002
16,10,False,True,dd,0.038099999999999995
16,10,False,True,sr,0.09509900499000001
16,10,False,True,sp,0.13146573824738347
17,1,False,False,st,0.008100000000000001
17,1,False,False,h,0.018307625392528254
17,1,False,False,dd,-0.18771
17,1,False,False,sr,0.09025396900195146
17,1,False,False,sp,0.1
17,1,True,False,st,-0.0010000000000000009
17,1,True,False,h,0.02385458253992484
17,1,True,False,dd,0.006290000000000018
17,1,True,False,sr,0.0931381059609
17,1,True,False,sp,0.1
17,2,False,False,st,-0.08371
17,2,False,False,h,-0.038438999999999994
17,2,False,False,dd,-0.08421000000000001
17,2,False,False,sr,-0.01840602452468599
17,2,False,False,sp,0.1
17,2,True,False,st,0.09188955089999998
17,2,True,False,h,0.093486784401
17,2,True,False,dd,0.001070750999999981
17,2,True,False,sr,0.09387420489000001
17,2,True,False,sp,0.1
17,3,False,False,st,-0.17371000000000003
17,3,False,False,h,-0.1869
17,3,False,False,dd,-0.0519
17,3,False,False,sr,0.5064132225031087
17,3,False,False,sp,0.1
17,3,True,False,st,-0.004889710000000019
17,3,True,False,h,-0.05100000000000002
17,3,True,False,dd,0.008598214890203126
17,3,True,False,sr,0.09282429536481
17,3,True,False,sp,0.1
17,4,False,False,st,0.029319584635454296
17,4,False,False,h,0.08327786959205016
17,4,False,False,dd,-0.05100000000000002
17,4,False,False,sr,0.09014780882941435
17,4,False,False,sp,0.1
17,4,True,False,st,-0.0010000000000000009
17,4,True,False,h,-0.0519
17,4,True,False,dd,-0.0010000000000000009
17,4,True,False,sr,0.0912157665459057
17,4,True,False,sp,0.1
17,5,True,False,st,0.081503155720799
17,5,True,False,h,0.6520489916717245
17,5,True,False,dd,-0.0010000000000000009
17,5,True,False,sr,0.09478296900000002
17,5,True,False,sp,0.1
17,5,False,False,st,-0.0010000000000000009
17,5,False,False,h,-0.05100000000000002
17,5,False,False,dd,-0.05100000000000002
17,5,False,False,sr,0.09000002118708313
17,5,False,False,sp,0.1
17,6,False,False,st,-0.0010000000000000009
17,6,False,False,h,-0.04549290000000002
17,6,False,False,dd,0.038099999999999995
17,6,False,False,sr,0.09000044981962249
17,6,False,False,sp,0.1
17,6,True,False,st,-0.004321900000000017
17,6,True,False,h,-0.021230008326689975
17,6,True,False,dd,-0.0010000000000000009
17,6,True,False,sr,0.09228767924549611
17,6,True,False,sp,0.1
17,7,False,False,st,-0.09271000000000001
17,7,False,False,h,-0.05100000000000002
17,7,False,False,dd,0.3090511068459413
17,7,False,False,sr,-0.010000320398613927
17,7,False,False,sp,0.1
17,7,True,False,st,0.09701
17,7,True,False,h,-0.03805734856089939
17,7,True,False,dd,0.899699400040301
17,7,True,False,sr,0.1
17,7,True,False,sp,0.1
17,8,False,False,st,-0.0010000000000000009
17,8,False,False,h,-0.03834797100000001
17,8,False,False,dd,-0.05100000000000002
17,8,False,False,sr,0.08547570400940603
17,8,False,False,sp,0.1
17,8,True,False,st,0.099
17,8,True,False,h,0.099
17,8,True,False,dd,0.7931325785989538
17,8,True,False,sr,0.1
17,8,True,False,sp,0.1
17,9,False,False,st,-0.0010000000000000009
17,9,False,False,h,-0.1869
17,9,False,False,dd,-0.05100000000000002
17,9,False,False,sr,0.08295334160320542
17,9,False,False,sp,0.1
17,9,True,False,st,-0.0010000000000000009
17,9,True,False,h,0.09430467210000001
17,9,True,False,dd,0.08263200000000001
17,9,True,False,sr,0.09430467210000001
17,9,True,False,sp,0.1
17,10,False,False,st,-0.17149157821995142
17,10,False,False,h,-0.05270999999999999
17,10,False,False,dd,-0.13771
17,10,False,False,sr,0.07795326021852012
17,10,False,False,sp,0.1
17,10,True,False,st,-0.0010000000000000009
17,10,True,False,h,-0.0519
17,10,True,False,dd,-0.003140495126598919
17,10,True,False,sr,0.08694252750466169
17,10,True,False,sp,0.1
18,1,True,False,st,-0.0010000000000000009
18,1,True,False,h,-0.053439
18,1,True,False,dd,-0.0010000000000000009
18,1,True,False,sr,0.026936006717672996
18,1,True,False,sp,0.1
18,1,False,False,st,-0.0010000000000000009
18,1,False,False,h,-0.05270999999999999
18,1,False,False,dd,-0.0010000000000000009
18,1,False,False,sr,0.04204896108128876
18,1,False,False,sp,0.1
18,1,False,True,st,-0.0010000000000000009
18,1,False,True,h,-0.05100000000000002
18,1,False,True,dd,-0.05100000000000002
18,1,False,True,sr,0.0970299
18,1,False,True,sp,0.09656100000000001
18,2,False,False,st,-0.0010000000000000009
18,2,False,False,h,-0.1869
18,2,False,False,dd,-0.0010000000000000009
18,2,False,False,sr,0.08954008810884746
18,2,False,False,sp,0.1
18,2,False,True,st,0.09017850598999996
18,2,False,True,h,0.018301198761053766
18,2,False,True,dd,0.00720136809609892
18,2,False,True,sr,0.099
18,2,False,True,sp,0.099
18,2,True,False,st,0.08520023934871906
18,2,True,False,h,-0.055217031
18,2,True,False,dd,-0.05100000000000002
18,2,True,False,sr,0.09166771816996666
18,2,True,False,sp,0.1
18,3,False,False,st,0.04012317761546272
18,3,False,False,h,-0.05100000000000002
18,3,False,False,dd,-0.09584789999999999
18,3,False,False,sr,0.042163511304505054
18,3,False,False,sp,0.1
18,3,True,False,st,-0.0019000000000000128
18,3,True,False,h,0.1508146609718051
18,3,True,False,dd,0.09036551924792581
18,3,True,False,sr,0.09531441000000002
18,3,True,False,sp,0.1
18,3,False,True,st,0.08073411803175513
18,3,False,True,h,0.1
18,3,False,True,dd,0.1
18,3,False,True,sr,0.099
18,3,False,True,sp,0.1
18,4,False,False,st,0.8310178135730752
18,4,False,False,h,-0.30921
18,4,False,False,dd,-0.1869
18,4,False,False,sr,0.1
18,4,False,False,sp,0.1
18,4,True,False,st,-0.0010000000000000009
18,4,True,False,h,0.002448902221017013
18,4,True,False,dd,1.1969204647384672
18,4,True,False,sr,0.099
18,4,True,False,sp,0.1
18,4,False,True,st,-0.0010000000000000009
18,4,False,True,h,-0.0008314091860193717
18,4,False,True,dd,-0.05100000000000002
18,4,False,True,sr,0.099
18,4,False,True,sp,0.379161005457583
18,5,False,True,st,0.47871490514125614
18,5,False,True,h,0.1
18,5,False,True,dd,0.1
18,5,False,True,sr,0.1
18,5,False,True,sp,0.1
18,5,False,False,st,1.5632013221225511
18,5,False,False,h,0.099
18,5,False,False,dd,0.1
18,5,False,False,sr,0.10791
18,5,False,False,sp,0.1
18,5,True,False,st,0.289970655391
18,5,True,False,h,0.06891233490229126
18,5,True,False,dd,-0.0010000000000000009
18,5,True,False,sr,0.0920589113209465
18,5,True,False,sp,0.1
18,6,True,False,st,-0.0010000000000000009
18,6,True,False,h,0.04356895685128012
18,6,True,False,dd,0.019175101260246227
18,6,True,False,sr,0.09478296900000002
18,6,True,False,sp,0.1
18,6,False,False,st,-0.0010000000000000009
18,6,False,False,h,-0.1542374777544865
18,6,False,False,dd,0.062574220731
18,6,False,False,sr,0.28475397516185674
18,6,False,False,sp,0.1
18,6,False,True,st,0.09209950099999997
18,6,False,True,h,-0.05100000000000002
18,6,False,True,dd,-0.05100000000000002
18,6,False,True,sr,0.099
18,6,False,True,sp,0.7820135751833678
18,7,False,False,st,0.08997065539099998
18,7,False,False,h,-0.05100000000000002
18,7,False,False,dd,-0.1869
18,7,False,False,sr,0.09000044981962249
18,7,False,False,sp,0.1
18,7,True,False,st,1.4732648268965616
18,7,True,False,h,0.1
18,7,True,False,dd,0.1
18,7,True,False,sr,0.1
18,7,True,False,sp,0.1
18,7,False,True,st,0.09701
18,7,False,True,h,-0.05100000000000002
18,7,False,True,dd,-0.04277278810554053
18,7,False,True,sr,0.099
18,7,False,True,sp,0.1
18,8,False,False,st,0.0022660765229415153
18,8,False,False,h,-0.05100000000000002
18,8,False,False,dd,-0.08527449129
18,8,False,False,sr,0.04989809452089066
18,8,False,False,sp,0.1
18,8,True,False,st,0.0872769199301
18,8,True,False,h,-0.045567559716939196
18,8,True,False,dd,-0.0010000000000000009
18,8,True,False,sr,0.0920589113209465
18,8,True,False,sp,0.1
18,8,False,True,st,0.099
18,8,False,True,h,-0.05100000000000002
18,8,False,True,dd,-0.05100000000000002
18,8,False,True,sr,0.099
18,8,False,True,sp,0.3528693842162828
18,9,False,False,st,-0.0010000000000000009
18,9,False,False,h,-0.05100000000000002
18,9,False,False,dd,-0.05100000000000002
18,9,False,False,sr,0.03738430679162652
18,9,False,False,sp,0.1
18,9,False,True,st,0.274708323163591
18,9,False,True,h,0.1
18,9,False,True,dd,0.1
18,9,False,True,sr,0.099
18,9,False,True,sp,0.1
18,9,True,False,st,-0.003691
18,9,True,False,h,-0.044636478899999985
18,9,True,False,dd,-0.0010000000000000009
18,9,True,False,sr,0.09282429536481
18,9,True,False,sp,0.1
18,10,False,False,st,-0.08822786488041805
18,10,False,False,h,-0.1869
18,10,False,False,dd,-0.05100000000000002
18,10,False,False,sr,0.09004697477844863
18,10,False,False,sp,0.1
18,10,True,False,st,-0.09190000000000001
18,10,True,False,h,-0.0519
18,10,True,False,dd,-0.0010000000000000009
18,10,True,False,sr,0.17198330868772005
18,10,True,False,sp,0.1
18,10,False,True,st,-0.0019900000000000057
18,10,False,True,h,-0.05100000000000002
18,10,False,True,dd,-0.05100000000000002
18,10,False,True,sr,0.09605960100000001
18,10,False,True,sp,0.1812389182845525
19,1,False,False,st,-0.09432190000000001
19,1,False,False,h,-0.05100000000000002
19,1,False,False,dd,-0.05100000000000002
19,1,False,False,sr,0.08518411880454822
19,1,False,False,sp,0.1
19,1,True,False,st,-0.004492899999999966
19,1,True,False,h,0.09140580227661879
19,1,True,False,dd,-0.05100000000000002
19,1,True,False,sr,0.09387420489000001
19,1,True,False,sp,0.1
19,2,False,False,st,-0.0010000000000000009
19,2,False,False,h,-0.05100000000000002
19,2,False,False,dd,-0.30921
19,2,False,False,sr,0.09681582000007673
19,2,False,False,sp,0.1
19,2,True,False,st,-0.0010000000000000009
19,2,True,False,h,0.09282429536481
19,2,True,False,dd,-0.0009887533542100035
19,2,True,False,sr,0.0931381059609
19,2,True,False,sp,0.1
19,3,True,False,st,-0.0010000000000000009
19,3,True,False,h,0.061204378834803064
19,3,True,False,dd,0.08137732447029843
19,3,True,False,sr,0.09531441000000002
19,3,True,False,sp,0.1
19,3,False,False,st,-0.0010000000000000009
19,3,False,False,h,-0.05100000000000002
19,3,False,False,dd,-0.05100000000000002
19,3,False,False,sr,0.09889355833615067
19,3,False,False,sp,0.1
19,4,True,False,st,0.6617497828431528
19,4,True,False,h,0.1
19,4,True,False,dd,-0.0010000000000000009
19,4,True,False,sr,0.1
19,4,True,False,sp,0.1
19,4,False,False,st,2.848632812751541
19,4,False,False,h,0.1
19,4,False,False,dd,0.1
19,4,False,False,sr,0.099
19,4,False,False,sp,0.1
19,5,True,False,st,0.19259055090000005
19,5,True,False,h,-0.008323405785066906
19,5,True,False,dd,-0.0010000000000000009
19,5,True,False,sr,0.09478296900000002
19,5,True,False,sp,0.1
19,5,False,False,st,-0.0010000000000000009
19,5,False,False,h,-0.0519
19,5,False,False,dd,-0.05100000000000002
19,5,False,False,sr,0.09000143341119798
19,5,False,False,sp,0.1
19,6,True,False,st,0.09158498522900001
19,6,True,False,h,-0.044239558400909595
19,6,True,False,dd,0.06547538999999997
19,6,True,False,sr,0.09387420489000001
19,6,True,False,sp,0.1
19,6,False,False,st,3.283620345839326
19,6,False,False,h,-0.05100000000000002
19,6,False,False,dd,-0.03983099999999998
19,6,False,False,sr,0.09430467210000001
19,6,False,False,sp,0.1
19,7,False,False,st,4.478092482835891
19,7,False,False,h,-0.05100000000000002
19,7,False,False,dd,-0.1869
19,7,False,False,sr,0.099
19,7,False,False,sp,0.1
19,7,True,False,st,1.371203894298854
19,7,True,False,h,0.1
19,7,True,False,dd,0.1
19,7,True,False,sr,0.099
19,7,True,False,sp,0.1
19,8,True,False,st,0.4787977932876656
19,8,True,False,h,-0.044852190000000014
19,8,True,False,dd,0.007318016785153675
19,8,True,False,sr,0.09656100000000001
19,8,True,False,sp,0.1
19,8,False,False,st,3.2561406556930224
19,8,False,False,h,-0.05100000000000002
19,8,False,False,dd,-0.05100000000000002
19,8,False,False,sr,0.04014780882941436
19,8,False,False,sp,0.1
19,9,True,False,st,-0.002710000000000004
19,9,True,False,h,-0.02410983563099997
19,9,True,False,dd,0.00791
19,9,True,False,sr,0.09052334763302737
19,9,True,False,sp,0.1
19,9,False,False,st,-0.0010000000000000009
19,9,False,False,h,-0.1869
19,9,False,False,dd,-0.1869
19,9,False,False,sr,0.08994145391477155
19,9,False,False,sp,0.1
19,10,False,False,st,-0.14201521855733584
19,10,False,False,h,-0.05100000000000002
19,10,False,False,dd,-0.30921
19,10,False,False,sr,0.08842016074149717
19,10,False,False,sp,0.1
19,10,True,False,st,-0.09190000000000001
19,10,True,False,h,-0.09694135373157628
19,10,True,False,dd,-0.0598577612974039
19,10,True,False,sr,0.04917189206455079
19,10,True,False,sp,0.1
20,1,False,False,st,0.01878352568320074
20,1,False,False,h,-0.05100000000000002
20,1,False,False,dd,-0.05100000000000002
20,1,False,False,sr,0.050081497370030405
20,1,False,False,sp,0.1
20,1,True,False,st,-0.006088681000000026
20,1,True,False,h,-0.05409510000000001
20,1,True,False,dd,-0.0519
20,1,True,False,sr,0.0164996721
20,1,True,False,sp,0.1
20,1,False,True,st,-0.0010000000000000009
20,1,False,True,h,-0.05100000000000002
20,1,False,True,dd,-0.02347265333949
20,1,False,True,sr,0.099
20,1,False,True,sp,0.4648802015815703
20,2,False,False,st,3.697757775958749
20,2,False,False,h,-0.05100000000000002
20,2,False,False,dd,-0.1869
20,2,False,False,sr,0.09430467210000001
20,2,False,False,sp,0.1
20,2,False,True,st,0.09701
20,2,False,True,h,-0.05100000000000002
20,2,False,True,dd,-0.05100000000000002
20,2,False,True,sr,0.099
20,2,False,True,sp,0.9676868540566963
20,2,True,False,st,-0.0019000000000000128
20,2,True,False,h,-0.04187628689631
20,2,True,False,dd,0.1866781
20,2,True,False,sr,0.04282429536481
20,2,True,False,sp,0.1
20,3,False,False,st,3.9664882584085874
20,3,False,False,h,0.1
20,3,False,False,dd,-0.05100000000000002
20,3,False,False,sr,0.099
20,3,False,False,sp,0.1
20,3,True,False,st,1.474018966027293
20,3,True,False,h,0.099
20,3,True,False,dd,0.005911288999999986
20,3,True,False,sr,0.099
20,3,True,False,sp,0.1
20,3,False,True,st,0.007019000000000025
20,3,False,True,h,-0.05100000000000002
20,3,False,True,dd,-0.05100000000000002
20,3,False,True,sr,0.099
20,3,False,True,sp,1.7068316944440305
20,4,True,False,st,2.1723079647170955
20,4,True,False,h,0.1
20,4,True,False,dd,0.1
20,4,True,False,sr,0.1
20,4,True,False,sp,0.1
20,4,False,False,st,-0.0010000000000000009
20,4,False,False,h,-0.05100000000000002
20,4,False,False,dd,-0.1869
20,4,False,False,sr,0.09000001906837482
20,4,False,False,sp,0.1
20,4,False,True,st,2.173885756409346
20,4,False,True,h,-0.05100000000000002
20,4,False,True,dd,0.1
20,4,False,True,sr,0.1
20,4,False,True,sp,0.1
20,5,False,False,st,5.121251890801008
20,5,False,False,h,0.1
20,5,False,False,dd,-0.05100000000000002
20,5,False,False,sr,0.1
20,5,False,False,sp,0.1
20,5,True,False,st,0.872389945852824
20,5,True,False,h,0.099
20,5,True,False,dd,-0.05100000000000002
20,5,True,False,sr,0.099
20,5,True,False,sp,0.1
20,5,False,True,st,2.3493592110264285
20,5,False,True,h,-0.05100000000000002
20,5,False,True,dd,0.1
20,5,False,True,sr,0.1
20,5,False,True,sp,0.1
20,6,False,False,st,5.252694225502387
20,6,False,False,h,-0.1869
20,6,False,False,dd,-0.05100000000000002
20,6,False,False,sr,0.09656100000000001
20,6,False,False,sp,0.1
20,6,True,False,st,1.7845692500300891
20,6,True,False,h,0.1
20,6,True,False,dd,0.1
20,6,True,False,sr,0.1
20,6,True,False,sp,0.1
20,6,False,True,st,1.4359911586939065
20,6,False,True,h,-0.05100000000000002
20,6,False,True,dd,-0.05100000000000002
20,6,False,True,sr,0.1
20,6,False,True,sp,0.1
20,7,False,True,st,2.4022549074249735
20,7,False,True,h,0.099
20,7,False,True,dd,0.1
20,7,False,True,sr,0.1
20,7,False,True,sp,0.1
20,7,False,False,st,5.3847693160968015
20,7,False,False,h,0.1
20,7,False,False,dd,0.1
20,7,False,False,sr,0.1
20,7,False,False,sp,0.1
20,7,True,False,st,1.9251932693938836
20,7,True,False,h,0.1
20,7,True,False,dd,0.24971069389785588
20,7,True,False,sr,0.1
20,7,True,False,sp,0.1
20,8,False,False,st,4.909664748646516
20,8,False,False,h,-0.05100000000000002
20,8,False,False,dd,0.1
20,8,False,False,sr,0.1
20,8,False,False,sp,0.1
20,8,False,True,st,2.387739768665325
20,8,False,True,h,0.1
20,8,False,True,dd,-0.05100000000000002
20,8,False,True,sr,0.1
20,8,False,True,sp,0.1
20,8,True,False,st,2.141352657925113
20,8,True,False,h,0.099
20,8,True,False,dd,-0.08388100000000001
20,8,True,False,sr,0.099
20,8,True,False,sp,0.1
20,9,True,False,st,1.3696650957641323
20,9,True,False,h,0.099
20,9,True,False,dd,0.1
20,9,True,False,sr,0.1
20,9,True,False,sp,0.1
20,9,False,False,st,6.0603070900206895
20,9,False,False,h,-0.05100000000000002
20,9,False,False,dd,-0.05100000000000002
20,9,False,False,sr,0.09656100000000001
20,9,False,False,sp,0.1
20,9,False,True,st,2.642519631190487
20,9,False,True,h,0.1
20,9,False,True,dd,0.1
20,9,False,True,sr,0.1
20,9,False,True,sp,0.1
20,10,False,False,st,4.48664561780366
20,10,False,False,h,-0.1869
20,10,False,False,dd,0.25791
20,10,False,False,sr,0.12384990000000001
20,10,False,False,sp,0.1
20,10,False,True,st,2.8043029846300573
20,10,False,True,h,-0.05100000000000002
20,10,False,True,dd,0.1
20,10,False,True,sr,0.1
20,10,False,True,sp,0.1
20,10,True,False,st,2.761057126644819
20,10,True,False,h,0.1
20,10,True,False,dd,0.06680549616018468
20,10,True,False,sr,0.1
20,10,True,False,sp,0.1
21,1,False,False,st,2.024187345012553
21,1,False,False,h,0.1
21,1,False,False,dd,0.1
21,1,False,False,sr,0.1
21,1,False,False,sp,0.1
21,1,True,False,st,4.144655711372763
21,1,True,False,h,0.099
21,1,True,False,dd,-0.05100000000000002
21,1,True,False,sr,0.099
21,1,True,False,sp,0.1
21,2,True,False,st,6.160733260484714
21,2,True,False,h,0.0981
21,2,True,False,dd,0.06309999999999999
21,2,True,False,sr,0.1
21,2,True,False,sp,0.1
21,2,False,False,st,2.596888842596532
21,2,False,False,h,0.1
21,2,False,False,dd,0.1
21,2,False,False,sr,0.1
21,2,False,False,sp,0.1
21,3,True,False,st,7.167920646056606
21,3,True,False,h,0.099
21,3,True,False,dd,0.1
21,3,True,False,sr,0.1
21,3,True,False,sp,0.1
21,3,False,False,st,2.781739218852435
21,3,False,False,h,0.1
21,3,False,False,dd,0.1
21,3,False,False,sr,0.1
21,3,False,False,sp,0.1
21,4,True,False,st,5.4106787976443
21,4,True,False,h,0.10791
21,4,True,False,dd,0.2812324332012802
21,4,True,False,sr,0.1
21,4,True,False,sp,0.1
21,4,False,False,st,3.0152448231211673
21,4,False,False,h,0.1
21,4,False,False,dd,0.1
21,4,False,False,sr,0.1
21,4,False,False,sp,0.1
21,5,True,False,st,7.766634093348246
21,5,True,False,h,0.1
21,5,True,False,dd,0.1
21,5,True,False,sr,0.099
21,5,True,False,sp,0.1
21,5,False,False,st,3.028132173709533
21,5,False,False,h,0.1
21,5,False,False,dd,0.1
21,5,False,False,sr,0.1
21,5,False,False,sp,0.1
21,6,False,False,st,0.390104451
21,6,False,False,h,0.1
21,6,False,False,dd,0.1
21,6,False,False,sr,0.1
21,6,False,False,sp,0.1
21,6,True,False,st,7.074712982289434
21,6,True,False,h,0.099
21,6,True,False,dd,0.1
21,6,True,False,sr,0.1
21,6,True,False,sp,0.1
21,7,True,False,st,7.012867342469311
21,7,True,False,h,0.1
21,7,True,False,dd,0.22259383442069056
21,7,True,False,sr,0.8197546174724172
21,7,True,False,sp,0.1
21,7,False,False,st,3.5120848030319607
21,7,False,False,h,0.1
21,7,False,False,dd,0.1
21,7,False,False,sr,0.1
21,7,False,False,sp,0.1
21,8,True,False,st,8.771685198852765
21,8,True,False,h,0.099
21,8,True,False,dd,0.1
21,8,True,False,sr,0.1
21,8,True,False,sp,0.1
21,8,False,False,st,0.8264009239251
21,8,False,False,h,0.1
21,8,False,False,dd,0.1
21,8,False,False,sr,0.1
21,8,False,False,sp,0.1
21,9,True,False,st,6.90612573575439
21,9,True,False,h,0.1
21,9,True,False,dd,-0.0010000000000000009
21,9,True,False,sr,0.1
21,9,True,False,sp,0.1
21,9,False,False,st,3.1078192031760374
21,9,False,False,h,-0.05100000000000002
21,9,False,False,dd,0.1
21,9,False,False,sr,0.1
21,9,False,False,sp,0.1
21,10,False,False,st,8.404200689873651
21,10,False,False,h,0.1
21,10,False,False,dd,0.1
21,10,False,False,sr,0.1
21,10,False,False,sp,0.1
21,10,True,False,st,12.211463857951559
21,10,True,False,h,1.1841270775332218
21,10,True,False,dd,0.28524087198706777
21,10,True,False,sr,1.1164591891203028
21,10,True,False,sp,0.1
22,1,False,False,st,0.1
22,1,False,False,h,0.1
22,1,False,False,dd,0.1
22,1,False,False,sr,0.1
22,1,False,False,sp,0.1
22,1,True,False,st,0.1
22,1,True,False,h,0.1
22,1,True,False,dd,0.1
22,1,True,False,sr,0.1
22,1,True,False,sp,0.1
22,2,False,False,st,0.1
22,2,False,False,h,0.1
22,2,False,False,dd,0.1
22,2,False,False,sr,0.1
22,2,False,False,sp,0.1
22,3,False,False,st,0.1
22,3,False,False,h,0.1
22,3,False,False,dd,0.1
22,3,False,False,sr,0.1
22,3,False,False,sp,0.1
22,3,True,False,st,0.1
22,3,True,False,h,0.1
22,3,True,False,dd,0.1
22,3,True,False,sr,0.1
22,3,True,False,sp,0.1
22,4,False,False,st,0.1
22,4,False,False,h,0.1
22,4,False,False,dd,0.1
22,4,False,False,sr,0.1
22,4,False,False,sp,0.1
22,4,True,False,st,0.1
22,4,True,False,h,0.1
22,4,True,False,dd,0.1
22,4,True,False,sr,0.1
22,4,True,False,sp,0.1
22,5,False,False,st,0.1
22,5,False,False,h,0.1
22,5,False,False,dd,0.1
22,5,False,False,sr,0.1
22,5,False,False,sp,0.1
22,5,True,False,st,0.1
22,5,True,False,h,0.1
22,5,True,False,dd,0.1
22,5,True,False,sr,0.1
22,5,True,False,sp,0.1
22,6,False,False,st,0.1
22,6,False,False,h,0.1
22,6,False,False,dd,0.1
22,6,False,False,sr,0.1
22,6,False,False,sp,0.1
22,6,True,False,st,0.1
22,6,True,False,h,0.1
22,6,True,False,dd,0.1
22,6,True,False,sr,0.1
22,6,True,False,sp,0.1
22,7,False,False,st,0.1
22,7,False,False,h,0.1
22,7,False,False,dd,0.1
22,7,False,False,sr,0.1
22,7,False,False,sp,0.1
22,7,True,False,st,0.1
22,7,True,False,h,0.1
22,7,True,False,dd,0.1
22,7,True,False,sr,0.1
22,7,True,False,sp,0.1
22,8,False,False,st,0.1
22,8,False,False,h,0.1
22,8,False,False,dd,0.1
22,8,False,False,sr,0.1
22,8,False,False,sp,0.1
22,8,True,False,st,0.1
22,8,True,False,h,0.1
22,8,True,False,dd,0.1
22,8,True,False,sr,0.1
22,8,True,False,sp,0.1
22,9,False,False,st,0.1
22,9,False,False,h,0.1
22,9,False,False,dd,0.1
22,9,False,False,sr,0.1
22,9,False,False,sp,0.1
22,9,True,False,st,0.1
22,9,True,False,h,0.1
22,9,True,False,dd,0.1
22,9,True,False,sr,0.1
22,9,True,False,sp,0.1
22,10,False,False,st,0.1
22,10,False,False,h,0.1
22,10,False,False,dd,0.1
22,10,False,False,sr,0.1
22,10,False,False,sp,0.1
22,10,True,False,st,0.1
22,10,True,False,h,0.1
22,10,True,False,dd,0.1
22,10,True,False,sr,0.1
22,10,True,False,sp,0.1
23,1,False,False,st,0.1
23,1,False,False,h,0.1
23,1,False,False,dd,0.1
23,1,False,False,sr,0.1
23,1,False,False,sp,0.1
23,1,True,False,st,0.1
23,1,True,False,h,0.1
23,1,True,False,dd,0.1
23,1,True,False,sr,0.1
23,1,True,False,sp,0.1
23,2,True,False,st,0.1
23,2,True,False,h,0.1
23,2,True,False,dd,0.1
23,2,True,False,sr,0.1
23,2,True,False,sp,0.1
23,2,False,False,st,0.1
23,2,False,False,h,0.1
23,2,False,False,dd,0.1
23,2,False,False,sr,0.1
23,2,False,False,sp,0.1
23,3,False,False,st,0.1
23,3,False,False,h,0.1
23,3,False,False,dd,0.1
23,3,False,False,sr,0.1
23,3,False,False,sp,0.1
23,3,True,False,st,0.1
23,3,True,False,h,0.1
23,3,True,False,dd,0.1
23,3,True,False,sr,0.1
23,3,True,False,sp,0.1
23,4,False,False,st,0.1
23,4,False,False,h,0.1
23,4,False,False,dd,0.1
23,4,False,False,sr,0.1
23,4,False,False,sp,0.1
23,4,True,False,st,0.1
23,4,True,False,h,0.1
23,4,True,False,dd,0.1
23,4,True,False,sr,0.1
23,4,True,False,sp,0.1
23,5,False,False,st,0.1
23,5,False,False,h,0.1
23,5,False,False,dd,0.1
23,5,False,False,sr,0.1
23,5,False,False,sp,0.1
23,5,True,False,st,0.1
23,5,True,False,h,0.1
23,5,True,False,dd,0.1
23,5,True,False,sr,0.1
23,5,True,False,sp,0.1
23,6,False,False,st,0.1
23,6,False,False,h,0.1
23,6,False,False,dd,0.1
23,6,False,False,sr,0.1
23,6,False,False,sp,0.1
23,7,False,False,st,0.1
23,7,False,False,h,0.1
23,7,False,False,dd,0.1
23,7,False,False,sr,0.1
23,7,False,False,sp,0.1
23,7,True,False,st,0.1
23,7,True,False,h,0.1
23,7,True,False,dd,0.1
23,7,True,False,sr,0.1
23,7,True,False,sp,0.1
23,8,False,False,st,0.1
23,8,False,False,h,0.1
23,8,False,False,dd,0.1
23,8,False,False,sr,0.1
23,8,False,False,sp,0.1
23,8,True,False,st,0.1
23,8,True,False,h,0.1
23,8,True,False,dd,0.1
23,8,True,False,sr,0.1
23,8,True,False,sp,0.1
23,9,False,False,st,0.1
23,9,False,False,h,0.1
23,9,False,False,dd,0.1
23,9,False,False,sr,0.1
23,9,False,False,sp,0.1
23,9,True,False,st,0.1
23,9,True,False,h,0.1
23,9,True,False,dd,0.1
23,9,True,False,sr,0.1
23,9,True,False,sp,0.1
23,10,False,False,st,0.1
23,10,False,False,h,0.1
23,10,False,False,dd,0.1
23,10,False,False,sr,0.1
23,10,False,False,sp,0.1
23,10,True,False,st,0.1
23,10,True,False,h,0.1
23,10,True,False,dd,0.1
23,10,True,False,sr,0.1
23,10,True,False,sp,0.1
24,1,False,False,st,0.1
24,1,False,False,h,0.1
24,1,False,False,dd,0.1
24,1,False,False,sr,0.1
24,1,False,False,sp,0.1
24,1,True,False,st,0.1
24,1,True,False,h,0.1
24,1,True,False,dd,0.1
24,1,True,False,sr,0.1
24,1,True,False,sp,0.1
24,2,False,False,st,0.1
24,2,False,False,h,0.1
24,2,False,False,dd,0.1
24,2,False,False,sr,0.1
24,2,False,False,sp,0.1
24,2,True,False,st,0.1
24,2,True,False,h,0.1
24,2,True,False,dd,0.1
24,2,True,False,sr,0.1
24,2,True,False,sp,0.1
24,3,False,False,st,0.1
24,3,False,False,h,0.1
24,3,False,False,dd,0.1
24,3,False,False,sr,0.1
24,3,False,False,sp,0.1
24,3,True,False,st,0.1
24,3,True,False,h,0.1
24,3,True,False,dd,0.1
24,3,True,False,sr,0.1
24,3,True,False,sp,0.1
24,4,False,False,st,0.1
24,4,False,False,h,0.1
24,4,False,False,dd,0.1
24,4,False,False,sr,0.1
24,4,False,False,sp,0.1
24,4,True,False,st,0.1
24,4,True,False,h,0.1
24,4,True,False,dd,0.1
24,4,True,False,sr,0.1
24,4,True,False,sp,0.1
24,5,True,False,st,0.1
24,5,True,False,h,0.1
24,5,True,False,dd,0.1
24,5,True,False,sr,0.1
24,5,True,False,sp,0.1
24,5,False,False,st,0.1
24,5,False,False,h,0.1
24,5,False,False,dd,0.1
24,5,False,False,sr,0.1
24,5,False,False,sp,0.1
24,6,False,False,st,0.1
24,6,False,False,h,0.1
24,6,False,False,dd,0.1
24,6,False,False,sr,0.1
24,6,False,False,sp,0.1
24,7,False,False,st,0.1
24,7,False,False,h,0.1
24,7,False,False,dd,0.1
24,7,False,False,sr,0.1
24,7,False,False,sp,0.1
24,7,True,False,st,0.1
24,7,True,False,h,0.1
24,7,True,False,dd,0.1
24,7,True,False,sr,0.1
24,7,True,False,sp,0.1
24,8,False,False,st,0.1
24,8,False,False,h,0.1
24,8,False,False,dd,0.1
24,8,False,False,sr,0.1
24,8,False,False,sp,0.1
24,8,True,False,st,0.1
24,8,True,False,h,0.1
24,8,True,False,dd,0.1
24,8,True,False,sr,0.1
24,8,True,False,sp,0.1
24,9,False,False,st,0.1
24,9,False,False,h,0.1
24,9,False,False,dd,0.1
24,9,False,False,sr,0.1
24,9,False,False,sp,0.1
24,9,True,False,st,0.1
24,9,True,False,h,0.1
24,9,True,False,dd,0.1
24,9,True,False,sr,0.1
24,9,True,False,sp,0.1
24,10,False,False,st,0.1
24,10,False,False,h,0.1
24,10,False,False,dd,0.1
24,10,False,False,sr,0.1
24,10,False,False,sp,0.1
24,10,True,False,st,0.1
24,10,True,False,h,0.1
24,10,True,False,dd,0.1
24,10,True,False,sr,0.1
24,10,True,False,sp,0.1
25,1,False,False,st,0.1
25,1,False,False,h,0.1
25,1,False,False,dd,0.1
25,1,False,False,sr,0.1
25,1,False,False,sp,0.1
25,2,False,False,st,0.1
25,2,False,False,h,0.1
25,2,False,False,dd,0.1
25,2,False,False,sr,0.1
25,2,False,False,sp,0.1
25,3,False,False,st,0.1
25,3,False,False,h,0.1
25,3,False,False,dd,0.1
25,3,False,False,sr,0.1
25,3,False,False,sp,0.1
25,3,True,False,st,0.1
25,3,True,False,h,0.1
25,3,True,False,dd,0.1
25,3,True,False,sr,0.1
25,3,True,False,sp,0.1
25,4,False,False,st,0.1
25,4,False,False,h,0.1
25,4,False,False,dd,0.1
25,4,False,False,sr,0.1
25,4,False,False,sp,0.1
25,4,True,False,st,0.1
25,4,True,False,h,0.1
25,4,True,False,dd,0.1
25,4,True,False,sr,0.1
25,4,True,False,sp,0.1
25,5,False,False,st,0.1
25,5,False,False,h,0.1
25,5,False,False,dd,0.1
25,5,False,False,sr,0.1
25,5,False,False,sp,0.1
25,6,False,False,st,0.1
25,6,False,False,h,0.1
25,6,False,False,dd,0.1
25,6,False,False,sr,0.1
25,6,False,False,sp,0.1
25,7,False,False,st,0.1
25,7,False,False,h,0.1
25,7,False,False,dd,0.1
25,7,False,False,sr,0.1
25,7,False,False,sp,0.1
25,7,True,False,st,0.1
25,7,True,False,h,0.1
25,7,True,False,dd,0.1
25,7,True,False,sr,0.1
25,7,True,False,sp,0.1
25,8,False,False,st,0.1
25,8,False,False,h,0.1
25,8,False,False,dd,0.1
25,8,False,False,sr,0.1
25,8,False,False,sp,0.1
25,8,True,False,st,0.1
25,8,True,False,h,0.1
25,8,True,False,dd,0.1
25,8,True,False,sr,0.1
25,8,True,False,sp,0.1
25,9,False,False,st,0.1
25,9,False,False,h,0.1
25,9,False,False,dd,0.1
25,9,False,False,sr,0.1
25,9,False,False,sp,0.1
25,9,True,False,st,0.1
25,9,True,False,h,0.1
25,9,True,False,dd,0.1
25,9,True,False,sr,0.1
25,9,True,False,sp,0.1
25,10,False,False,st,0.1
25,10,False,False,h,0.1
25,10,False,False,dd,0.1
25,10,False,False,sr,0.1
25,10,False,False,sp,0.1
25,10,True,False,st,0.1
25,10,True,False,h,0.1
25,10,True,False,dd,0.1
25,10,True,False,sr,0.1
25,10,True,False,sp,0.1
26,1,False,False,st,0.1
26,1,False,False,h,0.1
26,1,False,False,dd,0.1
26,1,False,False,sr,0.1
26,1,False,False,sp,0.1
26,1,True,False,st,0.1
26,1,True,False,h,0.1
26,1,True,False,dd,0.1
26,1,True,False,sr,0.1
26,1,True,False,sp,0.1
26,2,False,False,st,0.1
26,2,False,False,h,0.1
26,2,False,False,dd,0.1
26,2,False,False,sr,0.1
26,2,False,False,sp,0.1
26,2,True,False,st,0.1
26,2,True,False,h,0.1
26,2,True,False,dd,0.1
26,2,True,False,sr,0.1
26,2,True,False,sp,0.1
26,3,False,False,st,0.1
26,3,False,False,h,0.1
26,3,False,False,dd,0.1
26,3,False,False,sr,0.1
26,3,False,False,sp,0.1
26,3,True,False,st,0.1
26,3,True,False,h,0.1
26,3,True,False,dd,0.1
26,3,True,False,sr,0.1
26,3,True,False,sp,0.1
26,4,False,False,st,0.1
26,4,False,False,h,0.1
26,4,False,False,dd,0.1
26,4,False,False,sr,0.1
26,4,False,False,sp,0.1
26,5,True,False,st,0.1
26,5,True,False,h,0.1
26,5,True,False,dd,0.1
26,5,True,False,sr,0.1
26,5,True,False,sp,0.1
26,5,False,False,st,0.1
26,5,False,False,h,0.1
26,5,False,False,dd,0.1
26,5,False,False,sr,0.1
26,5,False,False,sp,0.1
26,6,False,False,st,0.1
26,6,False,False,h,0.1
26,6,False,False,dd,0.1
26,6,False,False,sr,0.1
26,6,False,False,sp,0.1
26,7,False,False,st,0.1
26,7,False,False,h,0.1
26,7,False,False,dd,0.1
26,7,False,False,sr,0.1
26,7,False,False,sp,0.1
26,7,True,False,st,0.1
26,7,True,False,h,0.1
26,7,True,False,dd,0.1
26,7,True,False,sr,0.1
26,7,True,False,sp,0.1
26,8,False,False,st,0.1
26,8,False,False,h,0.1
26,8,False,False,dd,0.1
26,8,False,False,sr,0.1
26,8,False,False,sp,0.1
26,8,True,False,st,0.1
26,8,True,False,h,0.1
26,8,True,False,dd,0.1
26,8,True,False,sr,0.1
26,8,True,False,sp,0.1
26,9,False,False,st,0.1
26,9,False,False,h,0.1
26,9,False,False,dd,0.1
26,9,False,False,sr,0.1
26,9,False,False,sp,0.1
26,9,True,False,st,0.1
26,9,True,False,h,0.1
26,9,True,False,dd,0.1
26,9,True,False,sr,0.1
26,9,True,False,sp,0.1
26,10,False,False,st,0.1
26,10,False,False,h,0.1
26,10,False,False,dd,0.1
26,10,False,False,sr,0.1
26,10,False,False,sp,0.1
26,10,True,False,st,0.1
26,10,True,False,h,0.1
26,10,True,False,dd,0.1
26,10,True,False,sr,0.1
26,10,True,False,sp,0.1
27,1,False,False,st,0.1
27,1,False,False,h,0.1
27,1,False,False,dd,0.1
27,1,False,False,sr,0.1
27,1,False,False,sp,0.1
27,1,True,False,st,0.1
27,1,True,False,h,0.1
27,1,True,False,dd,0.1
27,1,True,False,sr,0.1
27,1,True,False,sp,0.1
27,2,False,False,st,0.1
27,2,False,False,h,0.1
27,2,False,False,dd,0.1
27,2,False,False,sr,0.1
27,2,False,False,sp,0.1
27,2,True,False,st,0.1
27,2,True,False,h,0.1
27,2,True,False,dd,0.1
27,2,True,False,sr,0.1
27,2,True,False,sp,0.1
27,3,False,False,st,0.1
27,3,False,False,h,0.1
27,3,False,False,dd,0.1
27,3,False,False,sr,0.1
27,3,False,False,sp,0.1
27,4,False,False,st,0.1
27,4,False,False,h,0.1
27,4,False,False,dd,0.1
27,4,False,False,sr,0.1
27,4,False,False,sp,0.1
27,4,True,False,st,0.1
27,4,True,False,h,0.1
27,4,True,False,dd,0.1
27,4,True,False,sr,0.1
27,4,True,False,sp,0.1
27,5,False,False,st,0.1
27,5,False,False,h,0.1
27,5,False,False,dd,0.1
27,5,False,False,sr,0.1
27,5,False,False,sp,0.1
27,5,True,False,st,0.1
27,5,True,False,h,0.1
27,5,True,False,dd,0.1
27,5,True,False,sr,0.1
27,5,True,False,sp,0.1
27,6,False,False,st,0.1
27,6,False,False,h,0.1
27,6,False,False,dd,0.1
27,6,False,False,sr,0.1
27,6,False,False,sp,0.1
27,7,True,False,st,0.1
27,7,True,False,h,0.1
27,7,True,False,dd,0.1
27,7,True,False,sr,0.1
27,7,True,False,sp,0.1
27,8,False,False,st,0.1
27,8,False,False,h,0.1
27,8,False,False,dd,0.1
27,8,False,False,sr,0.1
27,8,False,False,sp,0.1
27,8,True,False,st,0.1
27,8,True,False,h,0.1
27,8,True,False,dd,0.1
27,8,True,False,sr,0.1
27,8,True,False,sp,0.1
27,9,False,False,st,0.1
27,9,False,False,h,0.1
27,9,False,False,dd,0.1
27,9,False,False,sr,0.1
27,9,False,False,sp,0.1
27,10,False,False,st,0.1
27,10,False,False,h,0.1
27,10,False,False,dd,0.1
27,10,False,False,sr,0.1
27,10,False,False,sp,0.1
27,10,True,False,st,0.1
27,10,True,False,h,0.1
27,10,True,False,dd,0.1
27,10,True,False,sr,0.1
27,10,True,False,sp,0.1
28,1,False,False,st,0.1
28,1,False,False,h,0.1
28,1,False,False,dd,0.1
28,1,False,False,sr,0.1
28,1,False,False,sp,0.1
28,1,True,False,st,0.1
28,1,True,False,h,0.1
28,1,True,False,dd,0.1
28,1,True,False,sr,0.1
28,1,True,False,sp,0.1
28,2,True,False,st,0.1
28,2,True,False,h,0.1
28,2,True,False,dd,0.1
28,2,True,False,sr,0.1
28,2,True,False,sp,0.1
28,2,False,False,st,0.1
28,2,False,False,h,0.1
28,2,False,False,dd,0.1
28,2,False,False,sr,0.1
28,2,False,False,sp,0.1
28,3,False,False,st,0.1
28,3,False,False,h,0.1
28,3,False,False,dd,0.1
28,3,False,False,sr,0.1
28,3,False,False,sp,0.1
28,3,True,False,st,0.1
28,3,True,False,h,0.1
28,3,True,False,dd,0.1
28,3,True,False,sr,0.1
28,3,True,False,sp,0.1
28,4,False,False,st,0.1
28,4,False,False,h,0.1
28,4,False,False,dd,0.1
28,4,False,False,sr,0.1
28,4,False,False,sp,0.1
28,5,True,False,st,0.1
28,5,True,False,h,0.1
28,5,True,False,dd,0.1
28,5,True,False,sr,0.1
28,5,True,False,sp,0.1
28,6,False,False,st,0.1
28,6,False,False,h,0.1
28,6,False,False,dd,0.1
28,6,False,False,sr,0.1
28,6,False,False,sp,0.1
28,6,True,False,st,0.1
28,6,True,False,h,0.1
28,6,True,False,dd,0.1
28,6,True,False,sr,0.1
28,6,True,False,sp,0.1
28,7,False,False,st,0.1
28,7,False,False,h,0.1
28,7,False,False,dd,0.1
28,7,False,False,sr,0.1
28,7,False,False,sp,0.1
28,8,True,False,st,0.1
28,8,True,False,h,0.1
28,8,True,False,dd,0.1
28,8,True,False,sr,0.1
28,8,True,False,sp,0.1
28,8,False,False,st,0.1
28,8,False,False,h,0.1
28,8,False,False,dd,0.1
28,8,False,False,sr,0.1
28,8,False,False,sp,0.1
28,10,True,False,st,0.1
28,10,True,False,h,0.1
28,10,True,False,dd,0.1
28,10,True,False,sr,0.1
28,10,True,False,sp,0.1
28,10,False,False,st,0.1
28,10,False,False,h,0.1
28,10,False,False,dd,0.1
28,10,False,False,sr,0.1
28,10,False,False,sp,0.1
29,1,True,False,st,0.1
29,1,True,False,h,0.1
29,1,True,False,dd,0.1
29,1,True,False,sr,0.1
29,1,True,False,sp,0.1
29,1,False,False,st,0.1
29,1,False,False,h,0.1
29,1,False,False,dd,0.1
29,1,False,False,sr,0.1
29,1,False,False,sp,0.1
29,2,False,False,st,0.1
29,2,False,False,h,0.1
29,2,False,False,dd,0.1
29,2,False,False,sr,0.1
29,2,False,False,sp,0.1
29,3,False,False,st,0.1
29,3,False,False,h,0.1
29,3,False,False,dd,0.1
29,3,False,False,sr,0.1
29,3,False,False,sp,0.1
29,3,True,False,st,0.1
29,3,True,False,h,0.1
29,3,True,False,dd,0.1
29,3,True,False,sr,0.1
29,3,True,False,sp,0.1
29,5,False,False,st,0.1
29,5,False,False,h,0.1
29,5,False,False,dd,0.1
29,5,False,False,sr,0.1
29,5,False,False,sp,0.1
29,6,False,False,st,0.1
29,6,False,False,h,0.1
29,6,False,False,dd,0.1
29,6,False,False,sr,0.1
29,6,False,False,sp,0.1
29,6,True,False,st,0.1
29,6,True,False,h,0.1
29,6,True,False,dd,0.1
29,6,True,False,sr,0.1
29,6,True,False,sp,0.1
29,7,False,False,st,0.1
29,7,False,False,h,0.1
29,7,False,False,dd,0.1
29,7,False,False,sr,0.1
29,7,False,False,sp,0.1
29,8,True,False,st,0.1
29,8,True,False,h,0.1
29,8,True,False,dd,0.1
29,8,True,False,sr,0.1
29,8,True,False,sp,0.1
29,9,False,False,st,0.1
29,9,False,False,h,0.1
29,9,False,False,dd,0.1
29,9,False,False,sr,0.1
29,9,False,False,sp,0.1
29,10,False,False,st,0.1
29,10,False,False,h,0.1
29,10,False,False,dd,0.1
29,10,False,False,sr,0.1
29,10,False,False,sp,0.1
29,10,True,False,st,0.1
29,10,True,False,h,0.1
29,10,True,False,dd,0.1
29,10,True,False,sr,0.1
29,10,True,False,sp,0.1
30,1,False,False,st,0.1
30,1,False,False,h,0.1
30,1,False,False,dd,0.1
30,1,False,False,sr,0.1
30,1,False,False,sp,0.1
30,1,True,False,st,0.1
30,1,True,False,h,0.1
30,1,True,False,dd,0.1
30,1,True,False,sr,0.1
30,1,True,False,sp,0.1
30,2,False,False,st,0.1
30,2,False,False,h,0.1
30,2,False,False,dd,0.1
30,2,False,False,sr,0.1
30,2,False,False,sp,0.1
30,3,False,False,st,0.1
30,3,False,False,h,0.1
30,3,False,False,dd,0.1
30,3,False,False,sr,0.1
30,3,False,False,sp,0.1
30,4,False,False,st,0.1
30,4,False,False,h,0.1
30,4,False,False,dd,0.1
30,4,False,False,sr,0.1
30,4,False,False,sp,0.1
30,5,False,False,st,0.1
30,5,False,False,h,0.1
30,5,False,False,dd,0.1
30,5,False,False,sr,0.1
30,5,False,False,sp,0.1
30,6,False,False,st,0.1
30,6,False,False,h,0.1
30,6,False,False,dd,0.1
30,6,False,False,sr,0.1
30,6,False,False,sp,0.1
30,8,False,False,st,0.1
30,8,False,False,h,0.1
30,8,False,False,dd,0.1
30,8,False,False,sr,0.1
30,8,False,False,sp,0.1
30,10,False,False,st,0.1
30,10,False,False,h,0.1
30,10,False,False,dd,0.1
30,10,False,False,sr,0.1
30,10,False,False,sp,0.1
