player_hand,dealer_hand,is_soft_hand,Action,Q-Value
4,1,0,stand,-0.0010000000000000009
4,1,0,hit,0.11682365659386422
4,1,0,double down,-0.0010000000000000009
4,1,0,surrender,0.09509900499000001
4,1,0,split,0.3147289416149847
4,2,0,stand,0.09701
4,2,0,hit,1.102861841198164
4,2,0,double down,0.1
4,2,0,surrender,0.1
4,2,0,split,0.1
4,3,0,stand,0.09701
4,3,0,hit,1.085694467534693
4,3,0,double down,0.1
4,3,0,surrender,0.099
4,3,0,split,0.18514465635678296
4,4,0,stand,-0.0010000000000000009
4,4,0,hit,0.19342739683290378
4,4,0,double down,-0.0010000000000000009
4,4,0,surrender,0.099
4,4,0,split,0.8978449658849768
4,5,0,stand,0.1
4,5,0,hit,0.9542918089151432
4,5,0,double down,0.1
4,5,0,surrender,0.1
4,5,0,split,0.1
4,6,0,stand,0.09701
4,6,0,hit,0.6950514021402351
4,6,0,double down,-0.05060926989924347
4,6,0,surrender,0.13766216656034486
4,6,0,split,0.15196238127751494
4,7,0,stand,0.09701
4,7,0,hit,1.6500532727247568
4,7,0,double down,0.1
4,7,0,surrender,0.1
4,7,0,split,0.1
4,8,0,stand,0.004466030967055362
4,8,0,hit,0.099
4,8,0,double down,0.10776594593363736
4,8,0,surrender,0.1
4,8,0,split,1.0675125701179289
4,8,1,stand,0.1
4,8,1,hit,0.1
4,8,1,double down,0.1
4,8,1,surrender,0.1
4,8,1,split,0.1
4,9,0,stand,0.1
4,9,0,hit,1.1039163881264042
4,9,0,double down,0.1
4,9,0,surrender,0.1
4,9,0,split,0.1
4,10,0,stand,-0.0010000000000000009
4,10,0,hit,0.774716298042743
4,10,0,double down,-0.0013452430719509828
4,10,0,surrender,0.09801
4,10,0,split,0.09843118773646468
5,1,0,stand,-0.09190000000000001
5,1,0,hit,0.4113374894888909
5,1,0,double down,-0.0010900000000000076
5,1,0,surrender,0.093486784401
5,1,0,split,0.1
5,1,1,stand,0.1
5,1,1,hit,0.1
5,1,1,double down,0.1
5,1,1,surrender,0.1
5,1,1,split,0.1
5,2,0,stand,-0.0010000000000000009
5,2,0,hit,1.0601002118955014
5,2,0,double down,-0.0010000000000000009
5,2,0,surrender,0.0981
5,2,0,split,0.1
5,3,0,stand,0.1
5,3,0,hit,1.153346528353863
5,3,0,double down,0.1
5,3,0,surrender,0.1
5,3,0,split,0.1
5,4,0,stand,0.09701
5,4,0,hit,0.6406020866449493
5,4,0,double down,0.2157615193997484
5,4,0,surrender,0.099
5,4,0,split,0.1
5,5,0,stand,-0.0010000000000000009
5,5,0,hit,1.0653709556620803
5,5,0,double down,-0.0010000000000000009
5,5,0,surrender,0.0981
5,5,0,split,0.1
5,6,0,stand,0.09701
5,6,0,hit,0.8257210564087543
5,6,0,double down,-0.0010000000000000009
5,6,0,surrender,0.16859116768114663
5,6,0,split,0.1
5,7,0,stand,-0.0010000000000000009
5,7,0,hit,1.4237238253372957
5,7,0,double down,-0.0010000000000000009
5,7,0,surrender,0.13241093930304387
5,7,0,split,0.1
5,8,0,stand,0.09209950099999997
5,8,0,hit,1.1534470742470486
5,8,0,double down,0.007443330584009186
5,8,0,surrender,0.09656100000000001
5,8,0,split,0.1
5,9,0,stand,-0.0010000000000000009
5,9,0,hit,0.901655793840455
5,9,0,double down,-0.0011710000000000054
5,9,0,surrender,0.09656100000000001
5,9,0,split,0.1
5,10,0,stand,0.2649872153541252
5,10,0,hit,0.7611859054000043
5,10,0,double down,-0.040994668933463665
5,10,0,surrender,0.1053243741279597
5,10,0,split,0.1
5,10,1,stand,0.1
5,10,1,hit,0.1
5,10,1,double down,0.1
5,10,1,surrender,0.1
5,10,1,split,0.1
6,1,0,stand,-0.22664380596390232
6,1,0,hit,0.35767368925680554
6,1,0,double down,-0.05725130826220223
6,1,0,surrender,0.046861930050614585
6,1,0,split,0.09711373695606144
6,1,1,stand,0.1
6,1,1,hit,0.1
6,1,1,double down,0.1
6,1,1,surrender,0.1
6,1,1,split,0.1
6,2,0,stand,-0.0010000000000000009
6,2,0,hit,0.7109277868347001
6,2,0,double down,0.07080641916431316
6,2,0,surrender,0.11500586999272988
6,2,0,split,0.29774299991922076
6,3,0,stand,0.03972629684826126
6,3,0,hit,1.2306912988440406
6,3,0,double down,0.050476904526230895
6,3,0,surrender,0.17859563509904103
6,3,0,split,0.099
6,4,0,stand,-0.0010000000000000009
6,4,0,hit,1.116404731444478
6,4,0,double down,0.1
6,4,0,surrender,0.1
6,4,0,split,0.1
6,5,0,stand,-0.0010000000000000009
6,5,0,hit,1.371071941569393
6,5,0,double down,0.010627801157609335
6,5,0,surrender,0.1595021555609144
6,5,0,split,0.1
6,6,0,stand,-0.0010000000000000009
6,6,0,hit,0.9204694512430709
6,6,0,double down,0.1
6,6,0,surrender,0.099
6,6,0,split,0.1
6,7,0,stand,0.07598637785143761
6,7,0,hit,2.226961130531657
6,7,0,double down,0.1
6,7,0,surrender,0.1
6,7,0,split,0.099
6,8,0,stand,-0.0010000000000000009
6,8,0,hit,1.2664898061370278
6,8,0,double down,0.16103131049151237
6,8,0,surrender,0.09801
6,8,0,split,0.11394949798757077
6,9,0,stand,-0.0010000000000000009
6,9,0,hit,0.9006084914442423
6,9,0,double down,-0.0010000000000000009
6,9,0,surrender,0.09563483394561333
6,9,0,split,0.09803308868745675
6,10,0,stand,0.18750899742010618
6,10,0,hit,0.2001671528047596
6,10,0,double down,0.24841031666882518
6,10,0,surrender,0.650792613792693
6,10,0,split,0.6648949465446984
6,10,1,stand,0.1
6,10,1,hit,0.1
6,10,1,double down,0.1
6,10,1,surrender,0.1
6,10,1,split,0.1
7,1,0,stand,-0.08718083109542388
7,1,0,hit,0.1527048970188708
7,1,0,double down,0.061101710000000004
7,1,0,surrender,0.09495128565361134
7,1,0,split,0.1
7,2,0,stand,-0.0010000000000000009
7,2,0,hit,0.7230335589471726
7,2,0,double down,0.027435701140999982
7,2,0,surrender,0.09729
7,2,0,split,0.1
7,3,0,stand,-0.0010000000000000009
7,3,0,hit,0.8025914162341503
7,3,0,double down,-0.02231231502567335
7,3,0,surrender,0.1363072451837125
7,3,0,split,0.1
7,4,0,stand,-0.0010000000000000009
7,4,0,hit,0.6532665178342927
7,4,0,double down,0.026240107197290474
7,4,0,surrender,0.1228250340001204
7,4,0,split,0.1
7,5,0,stand,-0.0010000000000000009
7,5,0,hit,0.5780420630823696
7,5,0,double down,0.03905874395850077
7,5,0,surrender,0.09729
7,5,0,split,0.1
7,6,0,stand,0.09701
7,6,0,hit,0.6455366933977098
7,6,0,double down,-0.0010000000000000009
7,6,0,surrender,0.099
7,6,0,split,0.1
7,6,1,stand,0.1
7,6,1,hit,0.1
7,6,1,double down,0.1
7,6,1,surrender,0.1
7,6,1,split,0.1
7,7,0,stand,0.08336681000000001
7,7,0,hit,1.3044848961112265
7,7,0,double down,-0.0010768333794489993
7,7,0,surrender,0.09478296900000002
7,7,0,split,0.1
7,8,0,stand,-0.0010000000000000009
7,8,0,hit,1.707727922667517
7,8,0,double down,0.010676827355373064
7,8,0,surrender,0.1
7,8,0,split,0.1
7,9,0,stand,-0.0010000000000000009
7,9,0,hit,0.8096424152090963
7,9,0,double down,0.00791
7,9,0,surrender,0.09166771816996666
7,9,0,split,0.1
7,10,0,stand,-0.1736021836780704
7,10,0,hit,0.4675163311356111
7,10,0,double down,0.1444471517618814
7,10,0,surrender,0.24115257498649892
7,10,0,split,0.1
8,1,0,stand,-0.15941731552558203
8,1,0,hit,-0.05100000000000002
8,1,0,double down,-0.0010000000000000009
8,1,0,surrender,0.21863680260772933
8,1,0,split,0.22703081294142657
8,2,0,stand,0.0019614653599159954
8,2,0,hit,1.59910856780049
8,2,0,double down,-0.0010000000000000009
8,2,0,surrender,0.1731852239459416
8,2,0,split,0.1
8,3,0,stand,-0.0010000000000000009
8,3,0,hit,1.0246801227623705
8,3,0,double down,0.38551495429801685
8,3,0,surrender,0.2635597978185823
8,3,0,split,0.1
8,4,0,stand,0.1801512558050032
8,4,0,hit,0.9109144896372461
8,4,0,double down,-0.089837449129
8,4,0,surrender,0.1640738166768101
8,4,0,split,0.099
8,5,0,stand,-0.0010000000000000009
8,5,0,hit,1.15930666146384
8,5,0,double down,0.03593640802550152
8,5,0,surrender,0.099
8,5,0,split,0.244131872192924
8,6,0,stand,0.1
8,6,0,hit,1.7067072094698506
8,6,0,double down,0.1
8,6,0,surrender,0.1
8,6,0,split,0.1
8,7,0,stand,0.15575434132299434
8,7,0,hit,2.573665400545595
8,7,0,double down,-0.0010768333794489993
8,7,0,surrender,0.28527258738987465
8,7,0,split,0.098923166620551
8,8,0,stand,0.03791476752527395
8,8,0,hit,1.8179371680543446
8,8,0,double down,-0.00044929000000000496
8,8,0,surrender,0.07207693224369724
8,8,0,split,0.1349424188210639
8,8,1,stand,0.1
8,8,1,hit,0.1
8,8,1,double down,0.1
8,8,1,surrender,0.1
8,8,1,split,0.1
8,9,0,stand,-0.08549555958657853
8,9,0,hit,1.0115939970485197
8,9,0,double down,-0.0010000000000000009
8,9,0,surrender,0.15640719669852862
8,9,0,split,0.1295421033975091
8,10,0,stand,-0.02895349993384984
8,10,0,hit,0.9629974917680882
8,10,0,double down,-0.09283625601895501
8,10,0,surrender,0.32346162380066273
8,10,0,split,0.2955028045228688
8,10,1,stand,0.1
8,10,1,hit,0.1
8,10,1,double down,0.1
8,10,1,surrender,0.1
8,10,1,split,0.1
9,1,0,stand,-0.08724728407701725
9,1,0,hit,0.1861689417084112
9,1,0,double down,0.10810000000000003
9,1,0,surrender,0.04744806272396347
9,1,0,split,0.1
9,2,0,stand,0.1488951620395767
9,2,0,hit,1.3340138822107985
9,2,0,double down,0.1
9,2,0,surrender,0.099
9,2,0,split,0.1
9,2,1,stand,0.1
9,2,1,hit,0.1
9,2,1,double down,0.1
9,2,1,surrender,0.1
9,2,1,split,0.1
9,3,0,stand,-0.0010000000000000009
9,3,0,hit,1.6469106851255475
9,3,0,double down,-0.06800100347953422
9,3,0,surrender,0.20147508687882976
9,3,0,split,0.1
9,4,0,stand,-0.0010000000000000009
9,4,0,hit,0.5471145083701299
9,4,0,double down,0.13247517522131455
9,4,0,surrender,0.099
9,4,0,split,0.1
9,4,1,stand,0.1
9,4,1,hit,0.1
9,4,1,double down,0.1
9,4,1,surrender,0.1
9,4,1,split,0.1
9,5,0,stand,0.24523876383414023
9,5,0,hit,1.8029025704370412
9,5,0,double down,0.184181466100694
9,5,0,surrender,0.0981
9,5,0,split,0.1
9,6,0,stand,-0.014097969799364785
9,6,0,hit,0.588663643190856
9,6,0,double down,0.00791
9,6,0,surrender,0.09656100000000001
9,6,0,split,0.1
9,6,1,stand,0.1
9,6,1,hit,0.1
9,6,1,double down,0.1
9,6,1,surrender,0.1
9,6,1,split,0.1
9,7,0,stand,0.121097721373297
9,7,0,hit,2.563970517350308
9,7,0,double down,0.30285927548841285
9,7,0,surrender,0.417505036853358
9,7,0,split,0.1
9,8,0,stand,0.09701
9,8,0,hit,2.354354759870999
9,8,0,double down,0.1
9,8,0,surrender,0.2596799961452465
9,8,0,split,0.1
9,9,0,stand,-0.0010000000000000009
9,9,0,hit,0.8403779816557287
9,9,0,double down,0.07629037628024334
9,9,0,surrender,0.13153040926578402
9,9,0,split,0.1
9,10,0,stand,-0.11741204725455129
9,10,0,hit,1.058163926480118
9,10,0,double down,0.33184588380444
9,10,0,surrender,0.13342854839348284
9,10,0,split,0.1
9,10,1,stand,0.1
9,10,1,hit,0.1
9,10,1,double down,0.1
9,10,1,surrender,0.1
9,10,1,split,0.1
10,1,0,stand,-0.0010000000000000009
10,1,0,hit,0.639566398986665
10,1,0,double down,0.08810000000000001
10,1,0,surrender,0.10806130799831715
10,1,0,split,0.0970299
10,1,1,stand,0.1
10,1,1,hit,0.1
10,1,1,double down,0.1
10,1,1,surrender,0.1
10,1,1,split,0.1
10,2,0,stand,0.5090235090007188
10,2,0,hit,4.2399166938091986
10,2,0,double down,0.1
10,2,0,surrender,0.49694299018250915
10,2,0,split,0.1
10,3,0,stand,0.028351315994373807
10,3,0,hit,2.8334751033838095
10,3,0,double down,0.08810000000000001
10,3,0,surrender,0.4879376070998941
10,3,0,split,0.1
10,3,1,stand,0.1
10,3,1,hit,0.1
10,3,1,double down,0.1
10,3,1,surrender,0.1
10,3,1,split,0.1
10,4,0,stand,0.09701
10,4,0,hit,1.2601252350697947
10,4,0,double down,3.211939911442018
10,4,0,surrender,0.26783928754434394
10,4,0,split,0.1
10,4,1,stand,0.1
10,4,1,hit,0.1
10,4,1,double down,0.1
10,4,1,surrender,0.1
10,4,1,split,0.1
10,5,0,stand,0.5270920434499042
10,5,0,hit,0.1
10,5,0,double down,3.820626239079993
10,5,0,surrender,0.3549641934998797
10,5,0,split,0.1
10,5,1,stand,0.1
10,5,1,hit,0.1
10,5,1,double down,0.1
10,5,1,surrender,0.1
10,5,1,split,0.1
10,6,0,stand,0.892342097842302
10,6,0,hit,1.6343370590097739
10,6,0,double down,-0.02094292097623407
10,6,0,surrender,0.1
10,6,0,split,0.1
10,6,1,stand,0.1
10,6,1,hit,0.1
10,6,1,double down,0.1
10,6,1,surrender,0.1
10,6,1,split,0.1
10,7,0,stand,0.12608295004772116
10,7,0,hit,2.9644421392925135
10,7,0,double down,0.7437286663376501
10,7,0,surrender,0.3491064634473815
10,7,0,split,0.1
10,7,1,stand,0.1
10,7,1,hit,0.1
10,7,1,double down,0.1
10,7,1,surrender,0.1
10,7,1,split,0.1
10,8,0,stand,0.4769430440146711
10,8,0,hit,3.013513167029332
10,8,0,double down,0.10839938500257115
10,8,0,surrender,0.0981
10,8,0,split,0.1
10,8,1,stand,0.1
10,8,1,hit,0.1
10,8,1,double down,0.1
10,8,1,surrender,0.1
10,8,1,split,0.1
10,9,0,stand,0.0970697559025063
10,9,0,hit,3.4612493779232434
10,9,0,double down,1.2048519820623325
10,9,0,surrender,0.097119
10,9,0,split,0.099
10,9,1,stand,0.1
10,9,1,hit,0.1
10,9,1,double down,0.1
10,9,1,surrender,0.1
10,9,1,split,0.1
10,10,0,stand,0.45511503136643794
10,10,0,hit,1.8367357333282677
10,10,0,double down,0.1372211612165835
10,10,0,surrender,0.21897617372203404
10,10,0,split,0.1
10,10,1,stand,0.1
10,10,1,hit,0.1
10,10,1,double down,0.1
10,10,1,surrender,0.1
10,10,1,split,0.1
11,1,0,stand,-0.0010000000000000009
11,1,0,hit,1.7531931379850025
11,1,0,double down,0.03743381079692913
11,1,0,surrender,0.09088629381196525
11,1,0,split,0.1
11,2,0,stand,0.7434731364739489
11,2,0,hit,3.6110914687757174
11,2,0,double down,0.9044624423932225
11,2,0,surrender,0.09590490000000002
11,2,0,split,0.1
11,2,1,stand,0.1
11,2,1,hit,0.1
11,2,1,double down,0.1
11,2,1,surrender,0.1
11,2,1,split,0.1
11,3,0,stand,-0.0010000000000000009
11,3,0,hit,3.12610428225289
11,3,0,double down,0.017275589000000008
11,3,0,surrender,0.1
11,3,0,split,0.1
11,3,1,stand,0.1
11,3,1,hit,0.1
11,3,1,double down,0.1
11,3,1,surrender,0.1
11,3,1,split,0.1
11,4,0,stand,-0.006477084578867476
11,4,0,hit,2.7810639944104274
11,4,0,double down,0.07055605540755781
11,4,0,surrender,0.2306678603061127
11,4,0,split,0.1
11,4,1,stand,0.1
11,4,1,hit,0.1
11,4,1,double down,0.1
11,4,1,surrender,0.1
11,4,1,split,0.1
11,5,0,stand,0.026293324258022555
11,5,0,hit,0.099
11,5,0,double down,1.4885612841696048
11,5,0,surrender,0.21835013105049483
11,5,0,split,0.1
11,6,0,stand,-0.09698206836705822
11,6,0,hit,0.0981
11,6,0,double down,1.5482734376137548
11,6,0,surrender,0.3377266940428875
11,6,0,split,0.1
11,6,1,stand,0.1
11,6,1,hit,0.1
11,6,1,double down,0.1
11,6,1,surrender,0.1
11,6,1,split,0.1
11,7,0,stand,-0.0010000000000000009
11,7,0,hit,4.851928676789015
11,7,0,double down,0.7178877324663608
11,7,0,surrender,0.1
11,7,0,split,0.1
11,8,0,stand,0.546628325650147
11,8,0,hit,4.257789472558716
11,8,0,double down,0.7275832982082545
11,8,0,surrender,0.099
11,8,0,split,0.1
11,8,1,stand,0.1
11,8,1,hit,0.1
11,8,1,double down,0.1
11,8,1,surrender,0.1
11,8,1,split,0.1
11,9,0,stand,0.2624283276045244
11,9,0,hit,3.7322515550142454
11,9,0,double down,0.02940478099999999
11,9,0,surrender,0.09282429536481
11,9,0,split,0.1
11,9,1,stand,0.1
11,9,1,hit,0.1
11,9,1,double down,0.1
11,9,1,surrender,0.1
11,9,1,split,0.1
11,10,0,stand,0.5343879554960709
11,10,0,hit,3.600898859758863
11,10,0,double down,1.249017065129004
11,10,0,surrender,0.36444910619416476
11,10,0,split,0.1
11,10,1,stand,0.1
11,10,1,hit,0.1
11,10,1,double down,0.1
11,10,1,surrender,0.1
11,10,1,split,0.1
12,1,0,stand,-0.19229227923526807
12,1,0,hit,-0.05507661996639307
12,1,0,double down,0.02787745501000001
12,1,0,surrender,0.3934919349768611
12,1,0,split,0.4367875885668571
12,1,1,stand,0.27058758730884486
12,1,1,hit,-0.05100000000000002
12,1,1,double down,0.0007626135237680381
12,1,1,surrender,1.109709218680723
12,1,1,split,1.0356996847364077
12,2,0,stand,0.09730861205882911
12,2,0,hit,-0.002717543145386664
12,2,0,double down,-0.030833802368405244
12,2,0,surrender,0.9576450816918882
12,2,0,split,1.1133493363651294
12,2,1,stand,-0.0010000000000000009
12,2,1,hit,-0.046802399040655335
12,2,1,double down,0.007193334517709454
12,2,1,surrender,2.024848931097482
12,2,1,split,2.7578479786585155
12,3,0,stand,-0.08222127186140271
12,3,0,hit,-0.15921000000000002
12,3,0,double down,-0.25278900000000004
12,3,0,surrender,0.9876111846723163
12,3,0,split,1.076283211920526
12,3,1,stand,-0.0010000000000000009
12,3,1,hit,-0.015431197769306678
12,3,1,double down,-0.05100000000000002
12,3,1,surrender,2.692195337224162
12,3,1,split,3.7567551441884404
12,4,0,stand,0.04598925926195552
12,4,0,hit,-0.13034444033005643
12,4,0,double down,-0.11348911522458115
12,4,0,surrender,0.8645621552979404
12,4,0,split,1.0694915303766193
12,4,1,stand,0.09282097852377341
12,4,1,hit,0.099
12,4,1,double down,1.844716371811391
12,4,1,surrender,0.1
12,4,1,split,0.1
12,5,0,stand,-0.021749359914179946
12,5,0,hit,0.09746434482076577
12,5,0,double down,-0.15374269000000002
12,5,0,surrender,0.8588651553394181
12,5,0,split,0.9538467134446154
12,5,1,stand,0.09701
12,5,1,hit,1.7782974123965662
12,5,1,double down,-0.0010000000000000009
12,5,1,surrender,0.099
12,5,1,split,0.37546173774126834
12,6,1,stand,-0.0010000000000000009
12,6,1,hit,0.099
12,6,1,double down,2.639923697344584
12,6,1,surrender,0.1
12,6,1,split,0.1
12,6,0,stand,0.23596996431090406
12,6,0,hit,0.30518996631329476
12,6,0,double down,-0.043775276491974977
12,6,0,surrender,0.9920971250175917
12,6,0,split,1.1014581933030243
12,7,0,stand,-0.08495398418494145
12,7,0,hit,-0.15960418575899998
12,7,0,double down,-0.0697187651476715
12,7,0,surrender,1.6472432886120896
12,7,0,split,1.8490019428375852
12,7,1,stand,-0.0010000000000000009
12,7,1,hit,0.2701911517501821
12,7,1,double down,-0.0010000000000000009
12,7,1,surrender,2.919143237862917
12,7,1,split,3.2155445963183733
12,8,0,stand,0.10361503779107051
12,8,0,hit,0.1012726030799331
12,8,0,double down,-0.22585209
12,8,0,surrender,1.1961600230267413
12,8,0,split,1.3244233525815552
12,8,1,stand,-0.0010000000000000009
12,8,1,hit,0.014854990463668172
12,8,1,double down,0.21653175796217403
12,8,1,surrender,3.4173022280768754
12,8,1,split,5.0994218303470324
12,9,0,stand,-0.18156190424540564
12,9,0,hit,0.1927289275430321
12,9,0,double down,0.21909270935433842
12,9,0,surrender,0.5366600890860006
12,9,0,split,0.5949636970245583
12,9,1,stand,-0.0010000000000000009
12,9,1,hit,-0.043881
12,9,1,double down,0.36948919981115835
12,9,1,surrender,2.003083301162124
12,9,1,split,2.435661553428132
12,10,0,stand,0.08201612096319742
12,10,0,hit,0.05574945799568091
12,10,0,double down,-0.295858359499901
12,10,0,surrender,0.767402373898043
12,10,0,split,0.8398850107092284
12,10,1,stand,0.030037123847440075
12,10,1,hit,0.07480536144572544
12,10,1,double down,0.007010000000000002
12,10,1,surrender,2.937809378781303
12,10,1,split,5.144775050267976
13,1,0,stand,-0.020819613784062704
13,1,0,hit,-0.18909510000000002
13,1,0,double down,-0.19357838118595805
13,1,0,surrender,0.05632303678988199
13,1,0,split,0.1
13,1,1,stand,-0.003691
13,1,1,hit,-0.03826013623719586
13,1,1,double down,-0.0010000000000000009
13,1,1,surrender,0.0880852487856436
13,1,1,split,0.1
13,2,1,stand,-0.17371000000000003
13,2,1,hit,-0.05409510000000001
13,2,1,double down,-0.0010000000000000009
13,2,1,surrender,0.09189318096574645
13,2,1,split,0.1
13,2,0,stand,-0.16705375939982198
13,2,0,hit,0.07125446593554124
13,2,0,double down,0.012734038093729694
13,2,0,surrender,0.09000006887581845
13,2,0,split,0.1
13,3,1,stand,-0.006088681000000026
13,3,1,hit,-0.05175516717393901
13,3,1,double down,-0.0010000000000000009
13,3,1,surrender,0.6952074704141518
13,3,1,split,0.1
13,3,0,stand,-0.07784481725966927
13,3,0,hit,0.020280983698036797
13,3,0,double down,-0.005561571847106095
13,3,0,surrender,0.43320580741722786
13,3,0,split,0.1
13,4,1,stand,-0.0010000000000000009
13,4,1,hit,-0.04751411369018728
13,4,1,double down,-0.01059988902483927
13,4,1,surrender,0.155554947537203
13,4,1,split,0.1
13,4,0,stand,-0.016687256334768058
13,4,0,hit,0.017596087112570553
13,4,0,double down,-0.11538509999999999
13,4,0,surrender,0.09252600165238417
13,4,0,split,0.1
13,5,1,stand,0.09701
13,5,1,hit,0.099
13,5,1,double down,2.783813115960692
13,5,1,surrender,0.1
13,5,1,split,0.1
13,5,0,stand,0.11441327940857295
13,5,0,hit,0.27217667389676886
13,5,0,double down,-0.03670586626061856
13,5,0,surrender,0.3663561458448307
13,5,0,split,0.1
13,6,0,stand,-0.08878735826073475
13,6,0,hit,-0.11014393059700364
13,6,0,double down,-0.05100000000000002
13,6,0,surrender,0.09869553546843535
13,6,0,split,0.1
13,6,1,stand,0.20811632991973766
13,6,1,hit,2.9930933517913063
13,6,1,double down,0.04171710358888965
13,6,1,surrender,0.040984770902183616
13,6,1,split,0.1
13,7,0,stand,-0.09432190000000001
13,7,0,hit,-0.2182172957285372
13,7,0,double down,-0.009432387429640754
13,7,0,surrender,0.3118305980957128
13,7,0,split,0.1
13,7,1,stand,-0.0010000000000000009
13,7,1,hit,-0.044690999999999995
13,7,1,double down,0.08810000000000001
13,7,1,surrender,1.1402693950540665
13,7,1,split,0.1
13,8,0,stand,0.03259829300430521
13,8,0,hit,0.06587438200446585
13,8,0,double down,-0.06283094122134349
13,8,0,surrender,0.09102292089073818
13,8,0,split,0.1
13,8,1,stand,-0.0010000000000000009
13,8,1,hit,3.2099600162014776
13,8,1,double down,-0.0010000000000000009
13,8,1,surrender,0.09590490000000002
13,8,1,split,0.1
13,9,0,stand,0.05248085590000001
13,9,0,hit,-0.17421000000000003
13,9,0,double down,-0.13690000000000002
13,9,0,surrender,0.08999963429223577
13,9,0,split,0.1
13,9,1,stand,0.09701
13,9,1,hit,0.36887548966339856
13,9,1,double down,0.05045539556787547
13,9,1,surrender,0.09729
13,9,1,split,0.1
13,10,0,stand,-0.08764127171293846
13,10,0,hit,0.0004840483566705793
13,10,0,double down,-0.14919141461266705
13,10,0,surrender,0.3434427906474366
13,10,0,split,0.1
13,10,1,stand,-0.0017443173610000168
13,10,1,hit,0.9619334197512858
13,10,1,double down,-0.0010000000000000009
13,10,1,surrender,0.8259314394251374
13,10,1,split,0.1
14,1,0,stand,-0.1602458208000147
14,1,0,hit,-0.174939
14,1,0,double down,-0.22919873342831096
14,1,0,surrender,0.13519620465863674
14,1,0,split,0.16064740236121633
14,1,1,stand,-0.0010000000000000009
14,1,1,hit,-0.008168851577120578
14,1,1,double down,-0.07821319221674206
14,1,1,surrender,0.08923610400555719
14,1,1,split,0.1
14,2,0,stand,0.19477606129286662
14,2,0,hit,0.04345016184419473
14,2,0,double down,-0.24106037662178895
14,2,0,surrender,0.6875467829401802
14,2,0,split,0.8058764916636485
14,2,1,stand,0.02612072558571324
14,2,1,hit,0.06989784528170986
14,2,1,double down,-0.0010000000000000009
14,2,1,surrender,0.09071789798769185
14,2,1,split,0.1
14,3,0,stand,-0.0010000000000000009
14,3,0,hit,0.09859186116438945
14,3,0,double down,-0.006191000000000002
14,3,0,surrender,0.8258889093454217
14,3,0,split,0.9370765144899151
14,3,1,stand,-0.0010000000000000009
14,3,1,hit,0.0050910079779000125
14,3,1,double down,-0.0010000000000000009
14,3,1,surrender,0.08964795088669042
14,3,1,split,0.1
14,4,0,stand,-0.003691
14,4,0,hit,-0.3912862918381868
14,4,0,double down,0.026036675900000028
14,4,0,surrender,0.6639962397401857
14,4,0,split,0.8285999568678637
14,4,1,stand,-0.0010000000000000009
14,4,1,hit,0.00034860802694576705
14,4,1,double down,0.033499386883709
14,4,1,surrender,0.09000129007007819
14,4,1,split,0.1
14,5,0,stand,0.28083357539791654
14,5,0,hit,0.02538809115674054
14,5,0,double down,-0.10430265427577451
14,5,0,surrender,1.039040101843489
14,5,0,split,1.1176036897635888
14,5,1,stand,-0.0010000000000000009
14,5,1,hit,0.38879052276377357
14,5,1,double down,3.1750937918117152
14,5,1,surrender,0.099
14,5,1,split,0.1
14,6,0,stand,0.06585807227901785
14,6,0,hit,-0.04549290000000002
14,6,0,double down,0.4085568798762048
14,6,0,surrender,0.68277089064528
14,6,0,split,0.7584454506263784
14,6,1,stand,-0.0010000000000000009
14,6,1,hit,2.4476398522508833
14,6,1,double down,0.08948705558904403
14,6,1,surrender,0.09038152042447695
14,6,1,split,0.1
14,7,0,stand,0.006822261491179453
14,7,0,hit,0.8557124533502315
14,7,0,double down,0.2533344455418225
14,7,0,surrender,1.1374856592098936
14,7,0,split,1.329800865276103
14,7,1,stand,-0.0010000000000000009
14,7,1,hit,-0.04722158837521462
14,7,1,double down,-0.05100000000000002
14,7,1,surrender,1.0930555750946147
14,7,1,split,0.1
14,8,0,stand,0.22429591373527305
14,8,0,hit,0.012981286752044238
14,8,0,double down,-0.0010000000000000009
14,8,0,surrender,1.2018904980152705
14,8,0,split,1.3223917346733014
14,8,1,stand,0.04484819013416843
14,8,1,hit,-0.05100000000000002
14,8,1,double down,0.042305445590118895
14,8,1,surrender,0.8009667602095907
14,8,1,split,0.1
14,9,0,stand,-0.24492854034531777
14,9,0,hit,-0.14785863479377226
14,9,0,double down,-0.06620999999999999
14,9,0,surrender,0.5362366239117977
14,9,0,split,0.6523927685416255
14,9,1,stand,-0.003691
14,9,1,hit,-0.0519
14,9,1,double down,0.33010261171732214
14,9,1,surrender,2.4802255728297036
14,9,1,split,0.1
14,10,0,stand,-0.3204160934458063
14,10,0,hit,-0.4068095345289077
14,10,0,double down,-0.4164432940245842
14,10,0,surrender,0.6739999415808337
14,10,0,split,0.7070858396633039
14,10,1,stand,-0.0010000000000000009
14,10,1,hit,-0.02040737404562181
14,10,1,double down,-0.059662919038904055
14,10,1,surrender,0.6147291122863143
14,10,1,split,0.1
15,1,0,stand,-0.24733900000000003
15,1,0,hit,-0.036900000000000016
15,1,0,double down,-0.1419
15,1,0,surrender,0.06656245672776326
15,1,0,split,0.1
15,1,1,stand,-0.09190000000000001
15,1,1,hit,-0.04084269
15,1,1,double down,-0.012685381439922004
15,1,1,surrender,0.342177748463504
15,1,1,split,0.1
15,2,0,stand,-0.038714643409217805
15,2,0,hit,-0.13068433484436195
15,2,0,double down,-0.1869
15,2,0,surrender,0.09003048253218633
15,2,0,split,0.1
15,2,1,stand,0.007019000000000025
15,2,1,hit,-0.05372348489006379
15,2,1,double down,-0.05100000000000002
15,2,1,surrender,0.14964345613199556
15,2,1,split,0.1
15,3,1,stand,-0.0010000000000000009
15,3,1,hit,-0.04549290000000002
15,3,1,double down,1.1106304481176592
15,3,1,surrender,-0.02806728731787242
15,3,1,split,0.1
15,3,0,stand,-0.07996711520371554
15,3,0,hit,0.02234717616213991
15,3,0,double down,-0.15797632739314965
15,3,0,surrender,0.18809075610530546
15,3,0,split,0.1
15,4,0,stand,-0.06733900000000001
15,4,0,hit,-0.055684089913962426
15,4,0,double down,-0.026864377572477782
15,4,0,surrender,0.08325593723688085
15,4,0,split,0.1
15,4,1,stand,-0.09647981290000003
15,4,1,hit,-0.034106302989097004
15,4,1,double down,-0.05100000000000002
15,4,1,surrender,0.18730283049412003
15,4,1,split,0.1
15,5,0,stand,-0.0459112752760684
15,5,0,hit,0.2999727731274845
15,5,0,double down,-0.0010000000000000009
15,5,0,surrender,0.45115096444714925
15,5,0,split,0.1
15,5,1,stand,-0.0010000000000000009
15,5,1,hit,3.81324995130995
15,5,1,double down,-0.05100000000000002
15,5,1,surrender,0.09590490000000002
15,5,1,split,0.1
15,6,0,stand,-0.0010000000000000009
15,6,0,hit,-0.2984451
15,6,0,double down,-0.3003
15,6,0,surrender,0.09093837163088431
15,6,0,split,0.1
15,6,1,stand,0.0015493547519000173
15,6,1,hit,-0.07153325592676502
15,6,1,double down,0.04374930581
15,6,1,surrender,0.0900006170365192
15,6,1,split,0.1
15,7,0,stand,-0.009960447512388546
15,7,0,hit,-0.008670131699164862
15,7,0,double down,-0.1779554178481573
15,7,0,surrender,0.0925365566705008
15,7,0,split,0.1
15,7,1,stand,-0.0010000000000000009
15,7,1,hit,-0.04506606949902045
15,7,1,double down,-0.0010000000000000009
15,7,1,surrender,0.23977010175670513
15,7,1,split,0.1
15,8,0,stand,0.05235505092527443
15,8,0,hit,-0.036900000000000016
15,8,0,double down,-0.015550463379848528
15,8,0,surrender,0.1707516864621506
15,8,0,split,0.1
15,8,1,stand,-0.09190000000000001
15,8,1,hit,-0.03922282245345511
15,8,1,double down,0.4463880175935736
15,8,1,surrender,0.7538073989180273
15,8,1,split,0.1
15,9,0,stand,0.04864392528113917
15,9,0,hit,-0.41928899999999997
15,9,0,double down,-0.1869
15,9,0,surrender,0.09421613105890618
15,9,0,split,0.1
15,9,1,stand,-0.0010000000000000009
15,9,1,hit,0.037137843259567316
15,9,1,double down,-0.26421000000000006
15,9,1,surrender,0.8557996009427921
15,9,1,split,0.1
15,10,0,stand,-0.3292607402291937
15,10,0,hit,-0.021403424497065365
15,10,0,double down,-0.3580993005768699
15,10,0,surrender,0.25548160145172955
15,10,0,split,0.1
15,10,1,stand,-0.150366232828837
15,10,1,hit,-0.12203568528612385
15,10,1,double down,-0.07715403473508169
15,10,1,surrender,0.08809669802419069
15,10,1,split,0.1
16,1,0,stand,-0.29370729134108453
16,1,0,hit,-0.3283092744818809
16,1,0,double down,-0.21569100000000002
16,1,0,surrender,0.14762385587609295
16,1,0,split,0.1838828637674131
16,1,1,stand,-0.0010000000000000009
16,1,1,hit,0.031389381843567904
16,1,1,double down,0.0392015489195338
16,1,1,surrender,0.09814381570650176
16,1,1,split,0.1
16,2,0,stand,-0.08455101790822915
16,2,0,hit,0.04984592842838145
16,2,0,double down,-0.05100000000000002
16,2,0,surrender,0.6586187806895742
16,2,0,split,0.7333910847954973
16,2,1,stand,-0.0010000000000000009
16,2,1,hit,-0.008049812088927855
16,2,1,double down,0.06786737881728441
16,2,1,surrender,0.31456958609122865
16,2,1,split,0.1
16,3,0,stand,-0.06648362284104789
16,3,0,hit,0.14157654616332255
16,3,0,double down,-0.1876239890151863
16,3,0,surrender,0.7986883120842618
16,3,0,split,0.9087536409307186
16,3,1,stand,-0.0010000000000000009
16,3,1,hit,0.04176467301317355
16,3,1,double down,2.9191802362667127
16,3,1,surrender,0.1
16,3,1,split,0.1
16,4,0,stand,0.07014471450007838
16,4,0,hit,-0.1869
16,4,0,double down,-0.18771
16,4,0,surrender,0.642626510305631
16,4,0,split,0.7142262220593244
16,4,1,stand,0.09701
16,4,1,hit,1.550450475296948
16,4,1,double down,0.1
16,4,1,surrender,0.31997495273975607
16,4,1,split,0.1
16,5,0,stand,-0.0010000000000000009
16,5,0,hit,0.571491730225343
16,5,0,double down,0.4233843284945817
16,5,0,surrender,1.1895891309683115
16,5,0,split,1.3244386680883447
16,5,1,stand,0.11694697953627145
16,5,1,hit,-0.03523147165220998
16,5,1,double down,0.054178649509921864
16,5,1,surrender,0.16056885215659464
16,5,1,split,0.1
16,6,0,stand,-0.12698852913355393
16,6,0,hit,0.579138490914258
16,6,0,double down,-0.05100000000000002
16,6,0,surrender,1.1912630999778377
16,6,0,split,1.3944572446343233
16,6,1,stand,0.04410608625086167
16,6,1,hit,1.2117328573103592
16,6,1,double down,0.011718878985969142
16,6,1,surrender,0.09531441000000002
16,6,1,split,0.1
16,7,0,stand,0.21774265840912554
16,7,0,hit,0.28685190097811
16,7,0,double down,-0.23054360999999998
16,7,0,surrender,1.9368019720195635
16,7,0,split,2.0774121945672457
16,7,1,stand,-0.0010000000000000009
16,7,1,hit,0.07769406590812605
16,7,1,double down,0.08310000000000001
16,7,1,surrender,1.7660745640590652
16,7,1,split,0.1
16,8,0,stand,-0.11696787713797996
16,8,0,hit,0.07829752424693912
16,8,0,double down,-0.05100000000000002
16,8,0,surrender,1.02082567649857
16,8,0,split,1.1720587895444121
16,8,1,stand,-0.003691
16,8,1,hit,-0.05409510000000001
16,8,1,double down,0.08810000000000001
16,8,1,surrender,0.09161819421086125
16,8,1,split,0.1
16,9,0,stand,-0.09782998577184633
16,9,0,hit,-0.1869
16,9,0,double down,-0.1869
16,9,0,surrender,0.5088938797161396
16,9,0,split,0.5476451708144747
16,9,1,stand,-0.0010000000000000009
16,9,1,hit,1.8422223515035747
16,9,1,double down,0.0484693742155594
16,9,1,surrender,0.099
16,9,1,split,0.1
16,10,0,stand,0.021065312721069665
16,10,0,hit,0.3597835866351806
16,10,0,double down,0.29721167962288764
16,10,0,surrender,0.8099776065195631
16,10,0,split,0.8597467556374669
16,10,1,stand,-0.036854387478131356
16,10,1,hit,0.12903370361813016
16,10,1,double down,0.18639912340152848
16,10,1,surrender,0.27487906247798427
16,10,1,split,0.1
17,1,0,stand,-0.09190000000000001
17,1,0,hit,-0.284289
17,1,0,double down,-0.18754080651172203
17,1,0,surrender,0.08940091126424164
17,1,0,split,0.1
17,1,1,stand,-0.0010000000000000009
17,1,1,hit,0.004195965879809999
17,1,1,double down,-0.0519
17,1,1,surrender,0.29283463719843855
17,1,1,split,0.1
17,2,0,stand,-0.17708471356137087
17,2,0,hit,-0.5183601
17,2,0,double down,-0.10673290067437716
17,2,0,surrender,0.10721829853492065
17,2,0,split,0.1
17,2,1,stand,-0.03839196194277737
17,2,1,hit,-0.018154071235532643
17,2,1,double down,-0.021694483915352974
17,2,1,surrender,0.08217467107976689
17,2,1,split,0.1
17,3,0,stand,-0.09190000000000001
17,3,0,hit,-0.06309658904439544
17,3,0,double down,0.04573711848707135
17,3,0,surrender,0.05599923074463836
17,3,0,split,0.1
17,3,1,stand,-0.0010000000000000009
17,3,1,hit,0.03549426799954622
17,3,1,double down,0.020897672896083214
17,3,1,surrender,0.5017279117323977
17,3,1,split,0.1
17,4,0,stand,-0.16831104320552676
17,4,0,hit,-0.1557857137664585
17,4,0,double down,-0.050344161702219614
17,4,0,surrender,0.09035503133450039
17,4,0,split,0.1
17,4,1,stand,0.05384915902395582
17,4,1,hit,3.7381803394658384
17,4,1,double down,0.05556207188934134
17,4,1,surrender,0.18229848110570068
17,4,1,split,0.1
17,5,0,stand,-0.16777411916466883
17,5,0,hit,-0.08892601182074128
17,5,0,double down,-0.30921
17,5,0,surrender,0.11246487716951158
17,5,0,split,0.1
17,5,1,stand,-0.0010000000000000009
17,5,1,hit,0.099
17,5,1,double down,3.2303388293818465
17,5,1,surrender,0.1
17,5,1,split,0.1
17,6,1,stand,0.08919257262290003
17,6,1,hit,-0.03658829492094391
17,6,1,double down,-0.0010000000000000009
17,6,1,surrender,0.09363652993267596
17,6,1,split,0.1
17,6,0,stand,-0.04733900000000002
17,6,0,hit,-0.2616732373448084
17,6,0,double down,-0.0070401028695358525
17,6,0,surrender,0.08980446382332845
17,6,0,split,0.1
17,7,1,stand,-0.01332404116291
17,7,1,hit,-0.0519
17,7,1,double down,0.0007224918974908096
17,7,1,surrender,1.2541669782018934
17,7,1,split,0.1
17,7,0,stand,0.0523525627343215
17,7,0,hit,0.01608022448962268
17,7,0,double down,-0.14183503948839324
17,7,0,surrender,0.11755841422542151
17,7,0,split,0.1
17,8,1,stand,-0.004492899999999966
17,8,1,hit,-0.109912663081096
17,8,1,double down,-0.09190000000000001
17,8,1,surrender,0.4016610918433361
17,8,1,split,0.1
17,8,0,stand,-0.03991043391824038
17,8,0,hit,-0.05100000000000002
17,8,0,double down,-0.1419
17,8,0,surrender,0.13351864010512665
17,8,0,split,0.1
17,9,0,stand,-0.09190000000000001
17,9,0,hit,-0.169147042161
17,9,0,double down,-0.41928899999999997
17,9,0,surrender,0.08862058226423436
17,9,0,split,0.1
17,9,1,stand,-0.095917681
17,9,1,hit,-0.029343497598109586
17,9,1,double down,2.5684198392433593
17,9,1,surrender,0.7534379264927236
17,9,1,split,0.1
17,10,0,stand,-0.1872399728388402
17,10,0,hit,-0.12483792153944556
17,10,0,double down,-0.3684944287206426
17,10,0,surrender,0.07964936393024441
17,10,0,split,0.1
17,10,1,stand,0.04084076429916935
17,10,1,hit,0.2849764762895835
17,10,1,double down,-0.011338562224550416
17,10,1,surrender,0.4551982740621463
17,10,1,split,0.1
18,1,0,stand,-0.07871740130965997
18,1,0,hit,-0.30921
18,1,0,double down,-0.05100000000000002
18,1,0,surrender,0.24796167004757622
18,1,0,split,0.2162374707063166
18,1,1,stand,-0.003691
18,1,1,hit,-0.046447971000000005
18,1,1,double down,-0.09012338170817097
18,1,1,surrender,0.019085208340337778
18,1,1,split,0.1
18,2,0,stand,2.442287351209209
18,2,0,hit,0.2751452156233318
18,2,0,double down,-0.05100000000000002
18,2,0,surrender,0.04445244678699267
18,2,0,split,0.36051910404134846
18,2,1,stand,0.4859663001195563
18,2,1,hit,0.23322454468382156
18,2,1,double down,0.099
18,2,1,surrender,0.099
18,2,1,split,0.1
18,3,1,stand,-0.09432190000000001
18,3,1,hit,-0.026160738913328985
18,3,1,double down,-0.0010000000000000009
18,3,1,surrender,1.3544823082041866
18,3,1,split,0.1
18,3,0,stand,0.03212247780184435
18,3,0,hit,0.49211404686162913
18,3,0,double down,0.589338796475361
18,3,0,surrender,1.0795893315976137
18,3,0,split,1.2748210839387348
18,4,1,stand,0.1
18,4,1,hit,0.1
18,4,1,double down,4.279005411899413
18,4,1,surrender,0.1
18,4,1,split,0.1
18,4,0,stand,0.14736026841745414
18,4,0,hit,-0.60092890719
18,4,0,double down,-0.0994929
18,4,0,surrender,0.5881512117018076
18,4,0,split,0.6834954805303658
18,5,0,stand,-0.003691
18,5,0,hit,-0.05100000000000002
18,5,0,double down,-0.05100000000000002
18,5,0,surrender,1.2100142410247174
18,5,0,split,1.324751638605623
18,5,1,stand,2.941813110945265
18,5,1,hit,0.1
18,5,1,double down,0.47155824783101064
18,5,1,surrender,0.1
18,5,1,split,0.1
18,6,0,stand,2.044803243726454
18,6,0,hit,-0.17790649923947183
18,6,0,double down,-0.3003
18,6,0,surrender,0.6203849813383686
18,6,0,split,0.1
18,6,1,stand,2.0619429501820425
18,6,1,hit,0.012708911646235471
18,6,1,double down,-0.05100000000000002
18,6,1,surrender,0.09656100000000001
18,6,1,split,0.1
18,7,1,stand,5.103896490234409
18,7,1,hit,-0.024293491289999976
18,7,1,double down,-0.005347899999999975
18,7,1,surrender,0.3630890330940848
18,7,1,split,0.1
18,7,0,stand,3.4322515396119098
18,7,0,hit,-0.16158161213194785
18,7,0,double down,0.1
18,7,0,surrender,1.1719362160440598
18,7,0,split,0.1
18,8,0,stand,0.16019875401702743
18,8,0,hit,-0.41928899999999997
18,8,0,double down,-0.05100000000000002
18,8,0,surrender,1.419763082103677
18,8,0,split,1.4836054696849816
18,8,1,stand,-0.0010000000000000009
18,8,1,hit,1.3931786821850793
18,8,1,double down,0.00791
18,8,1,surrender,0.2315342352003099
18,8,1,split,0.1
18,9,0,stand,-0.1485264327615878
18,9,0,hit,-0.1869
18,9,0,double down,-0.30921
18,9,0,surrender,0.6867420176630865
18,9,0,split,0.9593864910209039
18,9,1,stand,-0.0010000000000000009
18,9,1,hit,-0.03968559000000001
18,9,1,double down,-0.0010000000000000009
18,9,1,surrender,0.08990801076787772
18,9,1,split,0.1
18,10,0,stand,-0.1317811466645926
18,10,0,hit,0.407049407499859
18,10,0,double down,-0.8744403185589797
18,10,0,surrender,0.5861525291307517
18,10,0,split,0.7117575331155925
18,10,1,stand,-0.004889710000000019
18,10,1,hit,-0.012206035601107494
18,10,1,double down,0.007056443061079443
18,10,1,surrender,0.11103579314753914
18,10,1,split,0.1
19,1,0,stand,-0.09190000000000001
19,1,0,hit,-0.1869
19,1,0,double down,-0.23742619023601863
19,1,0,surrender,0.08801385616028433
19,1,0,split,0.1
19,1,1,stand,-0.09082578805982319
19,1,1,hit,-0.0519
19,1,1,double down,-0.0010000000000000009
19,1,1,surrender,0.08607542891448589
19,1,1,split,0.1
19,2,1,stand,0.18406763340836962
19,2,1,hit,0.8128955854814943
19,2,1,double down,-0.012251154484595062
19,2,1,surrender,0.03976862679895692
19,2,1,split,0.1
19,2,0,stand,1.9491669750254932
19,2,0,hit,-0.1869
19,2,0,double down,0.1
19,2,0,surrender,0.1
19,2,0,split,0.1
19,3,0,stand,2.3037119806894024
19,3,0,hit,-0.30921
19,3,0,double down,-0.05100000000000002
19,3,0,surrender,0.0981
19,3,0,split,0.1
19,3,1,stand,-0.0010000000000000009
19,3,1,hit,0.04193547480654311
19,3,1,double down,0.08810000000000001
19,3,1,surrender,0.09174072665047917
19,3,1,split,0.1
19,4,0,stand,0.008100000000000001
19,4,0,hit,-0.1869
19,4,0,double down,-0.1869
19,4,0,surrender,0.08999949696134114
19,4,0,split,0.1
19,4,1,stand,3.8408658747280833
19,4,1,hit,0.1
19,4,1,double down,-0.0010000000000000009
19,4,1,surrender,0.1
19,4,1,split,0.1
19,5,0,stand,4.004805213263325
19,5,0,hit,-0.022445126789999992
19,5,0,double down,-0.30921
19,5,0,surrender,0.49385344040734325
19,5,0,split,0.1
19,5,1,stand,3.6257772368972567
19,5,1,hit,0.1
19,5,1,double down,0.1596282603556478
19,5,1,surrender,0.1
19,5,1,split,0.1
19,6,0,stand,-0.09190000000000001
19,6,0,hit,-0.30921
19,6,0,double down,-0.1869
19,6,0,surrender,0.11406200799633517
19,6,0,split,0.1
19,6,1,stand,3.162406643932591
19,6,1,hit,0.3712127313069413
19,6,1,double down,0.26855701537726395
19,6,1,surrender,0.1
19,6,1,split,0.1
19,7,0,stand,6.032161295392462
19,7,0,hit,-0.1869
19,7,0,double down,-0.1869
19,7,0,surrender,1.5283572869507196
19,7,0,split,0.1
19,7,1,stand,3.743399399457216
19,7,1,hit,-0.019592101138991097
19,7,1,double down,0.42792338023383436
19,7,1,surrender,0.099
19,7,1,split,0.1
19,8,0,stand,5.638062997196781
19,8,0,hit,-0.05100000000000002
19,8,0,double down,-0.1869
19,8,0,surrender,0.5016596856292165
19,8,0,split,0.1
19,8,1,stand,4.413664398332785
19,8,1,hit,0.1
19,8,1,double down,0.1
19,8,1,surrender,0.1
19,8,1,split,0.1
19,9,0,stand,0.5413690550095569
19,9,0,hit,-0.05100000000000002
19,9,0,double down,-0.05384923336857156
19,9,0,surrender,0.08992724998685754
19,9,0,split,0.1
19,9,1,stand,3.2687529133970585
19,9,1,hit,-0.03229957537709999
19,9,1,double down,0.0012784345860495372
19,9,1,surrender,0.09729
19,9,1,split,0.1
19,10,0,stand,-0.01407007347125283
19,10,0,hit,-0.41928899999999997
19,10,0,double down,0.29864981777938726
19,10,0,surrender,0.31083755661136286
19,10,0,split,0.1
19,10,1,stand,0.1355779152250112
19,10,1,hit,0.011904307576738982
19,10,1,double down,-0.16574995584460725
19,10,1,surrender,0.24178519073432064
19,10,1,split,0.1
20,1,0,stand,-0.011776712740288506
20,1,0,hit,-0.22763351623200373
20,1,0,double down,-0.05100000000000002
20,1,0,surrender,0.5972724328437694
20,1,0,split,0.7065976451385502
20,1,1,stand,0.05651045684978123
20,1,1,hit,0.04683564469259985
20,1,1,double down,-0.0010000000000000009
20,1,1,surrender,0.07933052776648182
20,1,1,split,0.1
20,2,0,stand,6.453390674805504
20,2,0,hit,0.32277523273278697
20,2,0,double down,-0.0323995115445713
20,2,0,surrender,1.5814099343086987
20,2,0,split,0.1
20,2,1,stand,0.20225112584407615
20,2,1,hit,-0.05025211651443927
20,2,1,double down,-0.05100000000000002
20,2,1,surrender,0.36658186698868817
20,2,1,split,0.1
20,3,0,stand,6.361007052681744
20,3,0,hit,-0.1652949890151863
20,3,0,double down,-0.05100000000000002
20,3,0,surrender,2.4975522543252815
20,3,0,split,0.11405781000000001
20,3,1,stand,4.565948719540119
20,3,1,hit,0.9893104923260697
20,3,1,double down,0.1
20,3,1,surrender,0.099
20,3,1,split,0.1
20,4,0,stand,5.388241108173601
20,4,0,hit,-0.5084674400922
20,4,0,double down,-0.30030660608298
20,4,0,surrender,0.5616465952353707
20,4,0,split,0.1
20,4,1,stand,4.179452322707063
20,4,1,hit,0.1
20,4,1,double down,-0.0010000000000000009
20,4,1,surrender,0.1
20,4,1,split,0.1
20,5,1,stand,0.099
20,5,1,hit,0.099
20,5,1,double down,2.7034296110579823
20,5,1,surrender,0.1
20,5,1,split,0.1
20,5,0,stand,6.7558793015735406
20,5,0,hit,-0.1869
20,5,0,double down,-0.05100000000000002
20,5,0,surrender,0.5438468056432133
20,5,0,split,0.5647011824136217
20,6,0,stand,6.7906043691750675
20,6,0,hit,-0.30921
20,6,0,double down,-0.05100000000000002
20,6,0,surrender,1.0026580864141463
20,6,0,split,0.125463591
20,6,1,stand,5.321381873855742
20,6,1,hit,0.1
20,6,1,double down,0.1
20,6,1,surrender,0.4405274526931927
20,6,1,split,0.1
20,7,0,stand,7.2597568980649765
20,7,0,hit,-0.41928899999999997
20,7,0,double down,-0.1869
20,7,0,surrender,0.7339162227752706
20,7,0,split,0.1
20,7,1,stand,5.747622721835423
20,7,1,hit,-0.04084269
20,7,1,double down,0.1
20,7,1,surrender,0.1
20,7,1,split,0.1
20,8,0,stand,7.948681903136345
20,8,0,hit,-0.1869
20,8,0,double down,-0.3043313471154215
20,8,0,surrender,0.9765459939315437
20,8,0,split,0.23641400207445976
20,8,1,stand,5.812758766812882
20,8,1,hit,0.1
20,8,1,double down,0.1
20,8,1,surrender,0.1
20,8,1,split,0.1
20,9,1,stand,4.471807432196211
20,9,1,hit,-0.05100000000000002
20,9,1,double down,0.08810000000000001
20,9,1,surrender,0.09656100000000001
20,9,1,split,0.1
20,9,0,stand,6.132534193502879
20,9,0,hit,-0.05100000000000002
20,9,0,double down,-0.30921
20,9,0,surrender,1.3509439807599513
20,9,0,split,0.1
20,10,0,stand,4.197643278970749
20,10,0,hit,-1.064560433930089
20,10,0,double down,-0.752446420184212
20,10,0,surrender,2.287825823781067
20,10,0,split,0.16320445185113974
20,10,1,stand,3.318521445663976
20,10,1,hit,0.11829845721804107
20,10,1,double down,0.15550201856036916
20,10,1,surrender,0.13018691981874947
20,10,1,split,0.1
21,1,1,stand,7.326969144423579
21,1,1,hit,0.0981
21,1,1,double down,-0.0010000000000000009
21,1,1,surrender,1.2760585350539928
21,1,1,split,0.1
21,1,0,stand,5.599820378545294
21,1,0,hit,-0.1869
21,1,0,double down,-0.1869
21,1,0,surrender,0.4120770003175065
21,1,0,split,0.1
21,2,1,stand,12.432861660366692
21,2,1,hit,0.8864651958852214
21,2,1,double down,1.0830795077843778
21,2,1,surrender,0.1
21,2,1,split,0.1
21,2,0,stand,8.852294107844788
21,2,0,hit,0.1
21,2,0,double down,-0.05100000000000002
21,2,0,surrender,0.1
21,2,0,split,0.1
21,3,0,stand,9.005706103458605
21,3,0,hit,-0.05100000000000002
21,3,0,double down,0.1
21,3,0,surrender,0.1
21,3,0,split,0.1
21,3,1,stand,9.818011684578744
21,3,1,hit,0.11251965163592598
21,3,1,double down,-0.0010000000000000009
21,3,1,surrender,0.9560349294181067
21,3,1,split,0.1
21,4,1,stand,11.654552016785148
21,4,1,hit,0.099
21,4,1,double down,1.267895286347112
21,4,1,surrender,1.23380112831417
21,4,1,split,0.1
21,4,0,stand,5.8492583619669025
21,4,0,hit,0.1
21,4,0,double down,0.1
21,4,0,surrender,0.1
21,4,0,split,0.1
21,5,0,stand,1.2140790395699355
21,5,0,hit,0.1
21,5,0,double down,0.1
21,5,0,surrender,0.1
21,5,0,split,0.1
21,5,1,stand,12.537840063211656
21,5,1,hit,0.1
21,5,1,double down,1.0936705526656172
21,5,1,surrender,2.084593212173897
21,5,1,split,0.1
21,6,1,stand,13.169924226971613
21,6,1,hit,0.099
21,6,1,double down,0.21784662109179564
21,6,1,surrender,2.194079188723233
21,6,1,split,0.1
21,6,0,stand,0.31948188014702933
21,6,0,hit,0.1
21,6,0,double down,0.1
21,6,0,surrender,0.1
21,6,0,split,0.1
21,7,1,stand,12.284556842662218
21,7,1,hit,0.47758309502252116
21,7,1,double down,1.272848751607798
21,7,1,surrender,0.9632215938992861
21,7,1,split,0.1
21,7,0,stand,9.859697584771379
21,7,0,hit,0.1
21,7,0,double down,0.1
21,7,0,surrender,0.1
21,7,0,split,0.1
21,8,0,stand,9.531531410179396
21,8,0,hit,-0.05100000000000002
21,8,0,double down,0.1
21,8,0,surrender,0.7253458489230055
21,8,0,split,0.1
21,8,1,stand,9.794446175783206
21,8,1,hit,1.124828717038108
21,8,1,double down,0.1
21,8,1,surrender,1.8861505415342854
21,8,1,split,0.1
21,9,0,stand,8.533340996391656
21,9,0,hit,-0.05100000000000002
21,9,0,double down,-0.05100000000000002
21,9,0,surrender,0.099
21,9,0,split,0.1
21,9,1,stand,13.011898158083541
21,9,1,hit,0.23252505584108196
21,9,1,double down,0.3257015115370161
21,9,1,surrender,0.1
21,9,1,split,0.1
21,10,1,stand,9.252823349017326
21,10,1,hit,1.0321663830824774
21,10,1,double down,2.1926326739329314
21,10,1,surrender,1.7556377716050635
21,10,1,split,0.1
21,10,0,stand,7.883465241668842
21,10,0,hit,-0.05100000000000002
21,10,0,double down,-0.1869
21,10,0,surrender,1.4311600054404043
21,10,0,split,0.1
22,1,0,stand,-0.0010000000000000009
22,1,0,hit,0.1
22,1,0,double down,0.1
22,1,0,surrender,0.1
22,1,0,split,0.1
22,1,1,stand,0.07774946997561612
22,1,1,hit,0.1
22,1,1,double down,0.1
22,1,1,surrender,0.1
22,1,1,split,0.1
22,2,0,stand,0.1
22,2,0,hit,0.1
22,2,0,double down,0.1
22,2,0,surrender,0.1
22,2,0,split,0.1
22,2,1,stand,1.1537879327754876
22,2,1,hit,0.1
22,2,1,double down,0.1
22,2,1,surrender,0.1
22,2,1,split,0.1
22,3,0,stand,0.1
22,3,0,hit,0.1
22,3,0,double down,0.1
22,3,0,surrender,0.1
22,3,0,split,0.1
22,3,1,stand,0.1
22,3,1,hit,0.1
22,3,1,double down,0.1
22,3,1,surrender,0.1
22,3,1,split,0.1
22,4,1,stand,-0.0010000000000000009
22,4,1,hit,1.2564816992154457
22,4,1,double down,0.1
22,4,1,surrender,0.1
22,4,1,split,0.1
22,4,0,stand,0.0012917231900000103
22,4,0,hit,0.1
22,4,0,double down,0.1
22,4,0,surrender,0.1
22,4,0,split,0.1
22,5,0,stand,0.1
22,5,0,hit,0.1
22,5,0,double down,0.1
22,5,0,surrender,0.1
22,5,0,split,0.1
22,5,1,stand,0.1
22,5,1,hit,0.1
22,5,1,double down,0.1
22,5,1,surrender,0.1
22,5,1,split,0.1
22,6,0,stand,0.1
22,6,0,hit,0.1
22,6,0,double down,0.1
22,6,0,surrender,0.1
22,6,0,split,0.1
22,6,1,stand,0.1
22,6,1,hit,0.1
22,6,1,double down,0.1
22,6,1,surrender,0.1
22,6,1,split,0.1
22,7,0,stand,0.1
22,7,0,hit,0.1
22,7,0,double down,0.1
22,7,0,surrender,0.1
22,7,0,split,0.1
22,7,1,stand,0.1
22,7,1,hit,0.1
22,7,1,double down,0.1
22,7,1,surrender,0.1
22,7,1,split,0.1
22,8,0,stand,0.1
22,8,0,hit,0.1
22,8,0,double down,0.1
22,8,0,surrender,0.1
22,8,0,split,0.1
22,8,1,stand,0.1
22,8,1,hit,0.1
22,8,1,double down,0.1
22,8,1,surrender,0.1
22,8,1,split,0.1
22,9,0,stand,0.1
22,9,0,hit,0.1
22,9,0,double down,0.1
22,9,0,surrender,0.1
22,9,0,split,0.1
22,9,1,stand,0.19960285696480162
22,9,1,hit,0.1
22,9,1,double down,0.1
22,9,1,surrender,0.1
22,9,1,split,0.1
22,10,0,stand,0.1
22,10,0,hit,0.1
22,10,0,double down,0.1
22,10,0,surrender,0.1
22,10,0,split,0.1
22,10,1,stand,0.005597245880268872
22,10,1,hit,0.1
22,10,1,double down,0.1
22,10,1,surrender,0.1
22,10,1,split,0.1
23,1,0,stand,0.1
23,1,0,hit,0.1
23,1,0,double down,0.1
23,1,0,surrender,0.1
23,1,0,split,0.1
23,1,1,stand,0.1
23,1,1,hit,0.1
23,1,1,double down,0.1
23,1,1,surrender,0.1
23,1,1,split,0.1
23,2,0,stand,0.1
23,2,0,hit,0.1
23,2,0,double down,0.1
23,2,0,surrender,0.1
23,2,0,split,0.1
23,2,1,stand,0.1
23,2,1,hit,0.1
23,2,1,double down,0.1
23,2,1,surrender,0.1
23,2,1,split,0.1
23,3,0,stand,0.19905567760904133
23,3,0,hit,0.1
23,3,0,double down,0.1
23,3,0,surrender,0.1
23,3,0,split,0.1
23,3,1,stand,0.7420583632974914
23,3,1,hit,0.1
23,3,1,double down,0.1
23,3,1,surrender,0.1
23,3,1,split,0.1
23,4,0,stand,0.1
23,4,0,hit,0.1
23,4,0,double down,0.1
23,4,0,surrender,0.1
23,4,0,split,0.1
23,4,1,stand,0.1
23,4,1,hit,0.1
23,4,1,double down,0.1
23,4,1,surrender,0.1
23,4,1,split,0.1
23,5,0,stand,0.1
23,5,0,hit,0.1
23,5,0,double down,0.1
23,5,0,surrender,0.1
23,5,0,split,0.1
23,5,1,stand,0.1
23,5,1,hit,0.1
23,5,1,double down,0.1
23,5,1,surrender,0.1
23,5,1,split,0.1
23,6,0,stand,0.199
23,6,0,hit,0.1
23,6,0,double down,0.1
23,6,0,surrender,0.1
23,6,0,split,0.1
23,6,1,stand,0.1
23,6,1,hit,0.1
23,6,1,double down,0.1
23,6,1,surrender,0.1
23,6,1,split,0.1
23,7,0,stand,0.1
23,7,0,hit,0.1
23,7,0,double down,0.1
23,7,0,surrender,0.1
23,7,0,split,0.1
23,7,1,stand,0.1
23,7,1,hit,0.1
23,7,1,double down,0.1
23,7,1,surrender,0.1
23,7,1,split,0.1
23,8,0,stand,0.11487188870219125
23,8,0,hit,0.1
23,8,0,double down,0.1
23,8,0,surrender,0.1
23,8,0,split,0.1
23,8,1,stand,0.1
23,8,1,hit,0.1
23,8,1,double down,0.1
23,8,1,surrender,0.1
23,8,1,split,0.1
23,9,0,stand,0.040170059967935115
23,9,0,hit,0.1
23,9,0,double down,0.1
23,9,0,surrender,0.1
23,9,0,split,0.1
23,9,1,stand,0.5708397595374295
23,9,1,hit,0.1
23,9,1,double down,0.1
23,9,1,surrender,0.1
23,9,1,split,0.1
23,10,0,stand,0.03943389143462299
23,10,0,hit,0.1
23,10,0,double down,0.1
23,10,0,surrender,0.1
23,10,0,split,0.1
23,10,1,stand,0.017910128446936596
23,10,1,hit,0.1
23,10,1,double down,0.1
23,10,1,surrender,0.1
23,10,1,split,0.1
24,1,0,stand,0.1
24,1,0,hit,0.1
24,1,0,double down,0.1
24,1,0,surrender,0.1
24,1,0,split,0.1
24,1,1,stand,0.1
24,1,1,hit,0.1
24,1,1,double down,0.1
24,1,1,surrender,0.1
24,1,1,split,0.1
24,2,0,stand,0.1
24,2,0,hit,0.1
24,2,0,double down,0.1
24,2,0,surrender,0.1
24,2,0,split,0.1
24,2,1,stand,0.1
24,2,1,hit,0.1
24,2,1,double down,0.1
24,2,1,surrender,0.1
24,2,1,split,0.1
24,3,0,stand,0.1
24,3,0,hit,0.1
24,3,0,double down,0.1
24,3,0,surrender,0.1
24,3,0,split,0.1
24,3,1,stand,0.1
24,3,1,hit,0.1
24,3,1,double down,0.1
24,3,1,surrender,0.1
24,3,1,split,0.1
24,4,0,stand,0.1
24,4,0,hit,0.1
24,4,0,double down,0.1
24,4,0,surrender,0.1
24,4,0,split,0.1
24,4,1,stand,0.1
24,4,1,hit,0.1
24,4,1,double down,0.1
24,4,1,surrender,0.1
24,4,1,split,0.1
24,5,0,stand,0.1
24,5,0,hit,0.1
24,5,0,double down,0.1
24,5,0,surrender,0.1
24,5,0,split,0.1
24,5,1,stand,0.1
24,5,1,hit,0.1
24,5,1,double down,0.1
24,5,1,surrender,0.1
24,5,1,split,0.1
24,6,1,stand,0.1
24,6,1,hit,0.1
24,6,1,double down,0.1
24,6,1,surrender,0.1
24,6,1,split,0.1
24,6,0,stand,0.1
24,6,0,hit,0.1
24,6,0,double down,0.1
24,6,0,surrender,0.1
24,6,0,split,0.1
24,7,0,stand,0.1
24,7,0,hit,0.1
24,7,0,double down,0.1
24,7,0,surrender,0.1
24,7,0,split,0.1
24,7,1,stand,0.1
24,7,1,hit,0.1
24,7,1,double down,0.1
24,7,1,surrender,0.1
24,7,1,split,0.1
24,8,0,stand,0.1
24,8,0,hit,0.1
24,8,0,double down,0.1
24,8,0,surrender,0.1
24,8,0,split,0.1
24,8,1,stand,0.1
24,8,1,hit,0.1
24,8,1,double down,0.1
24,8,1,surrender,0.1
24,8,1,split,0.1
24,9,0,stand,0.1
24,9,0,hit,0.1
24,9,0,double down,0.1
24,9,0,surrender,0.1
24,9,0,split,0.1
24,9,1,stand,0.1
24,9,1,hit,0.1
24,9,1,double down,0.1
24,9,1,surrender,0.1
24,9,1,split,0.1
24,10,0,stand,0.26318146434649003
24,10,0,hit,0.1
24,10,0,double down,0.1
24,10,0,surrender,0.1
24,10,0,split,0.1
24,10,1,stand,0.1
24,10,1,hit,0.1
24,10,1,double down,0.1
24,10,1,surrender,0.1
24,10,1,split,0.1
25,1,0,stand,0.1
25,1,0,hit,0.1
25,1,0,double down,0.1
25,1,0,surrender,0.1
25,1,0,split,0.1
25,1,1,stand,0.1
25,1,1,hit,0.1
25,1,1,double down,0.1
25,1,1,surrender,0.1
25,1,1,split,0.1
25,2,1,stand,0.1
25,2,1,hit,0.1
25,2,1,double down,0.1
25,2,1,surrender,0.1
25,2,1,split,0.1
25,2,0,stand,0.1
25,2,0,hit,0.1
25,2,0,double down,0.1
25,2,0,surrender,0.1
25,2,0,split,0.1
25,3,0,stand,0.1
25,3,0,hit,0.1
25,3,0,double down,0.1
25,3,0,surrender,0.1
25,3,0,split,0.1
25,3,1,stand,0.1
25,3,1,hit,0.1
25,3,1,double down,0.1
25,3,1,surrender,0.1
25,3,1,split,0.1
25,4,0,stand,0.1
25,4,0,hit,0.1
25,4,0,double down,0.1
25,4,0,surrender,0.1
25,4,0,split,0.1
25,4,1,stand,0.1
25,4,1,hit,0.1
25,4,1,double down,0.1
25,4,1,surrender,0.1
25,4,1,split,0.1
25,5,1,stand,0.1
25,5,1,hit,0.1
25,5,1,double down,0.1
25,5,1,surrender,0.1
25,5,1,split,0.1
25,5,0,stand,0.1
25,5,0,hit,0.1
25,5,0,double down,0.1
25,5,0,surrender,0.1
25,5,0,split,0.1
25,6,0,stand,0.1
25,6,0,hit,0.1
25,6,0,double down,0.1
25,6,0,surrender,0.1
25,6,0,split,0.1
25,6,1,stand,0.1
25,6,1,hit,0.1
25,6,1,double down,0.1
25,6,1,surrender,0.1
25,6,1,split,0.1
25,7,1,stand,0.1
25,7,1,hit,0.1
25,7,1,double down,0.1
25,7,1,surrender,0.1
25,7,1,split,0.1
25,7,0,stand,0.1
25,7,0,hit,0.1
25,7,0,double down,0.1
25,7,0,surrender,0.1
25,7,0,split,0.1
25,8,0,stand,0.1
25,8,0,hit,0.1
25,8,0,double down,0.1
25,8,0,surrender,0.1
25,8,0,split,0.1
25,8,1,stand,0.1
25,8,1,hit,0.1
25,8,1,double down,0.1
25,8,1,surrender,0.1
25,8,1,split,0.1
25,9,0,stand,0.1
25,9,0,hit,0.1
25,9,0,double down,0.1
25,9,0,surrender,0.1
25,9,0,split,0.1
25,9,1,stand,0.1
25,9,1,hit,0.1
25,9,1,double down,0.1
25,9,1,surrender,0.1
25,9,1,split,0.1
25,10,0,stand,0.03899434620003141
25,10,0,hit,0.1
25,10,0,double down,0.1
25,10,0,surrender,0.1
25,10,0,split,0.1
25,10,1,stand,0.1
25,10,1,hit,0.1
25,10,1,double down,0.1
25,10,1,surrender,0.1
25,10,1,split,0.1
26,1,0,stand,0.00791
26,1,0,hit,0.1
26,1,0,double down,0.1
26,1,0,surrender,0.1
26,1,0,split,0.1
26,1,1,stand,0.1
26,1,1,hit,0.1
26,1,1,double down,0.1
26,1,1,surrender,0.1
26,1,1,split,0.1
26,2,0,stand,0.1
26,2,0,hit,0.1
26,2,0,double down,0.1
26,2,0,surrender,0.1
26,2,0,split,0.1
26,3,0,stand,0.1
26,3,0,hit,0.1
26,3,0,double down,0.1
26,3,0,surrender,0.1
26,3,0,split,0.1
26,3,1,stand,0.21543719750837897
26,3,1,hit,0.1
26,3,1,double down,0.1
26,3,1,surrender,0.1
26,3,1,split,0.1
26,4,0,stand,0.1
26,4,0,hit,0.1
26,4,0,double down,0.1
26,4,0,surrender,0.1
26,4,0,split,0.1
26,4,1,stand,0.1
26,4,1,hit,0.1
26,4,1,double down,0.1
26,4,1,surrender,0.1
26,4,1,split,0.1
26,5,0,stand,0.1
26,5,0,hit,0.1
26,5,0,double down,0.1
26,5,0,surrender,0.1
26,5,0,split,0.1
26,5,1,stand,0.1
26,5,1,hit,0.1
26,5,1,double down,0.1
26,5,1,surrender,0.1
26,5,1,split,0.1
26,6,0,stand,0.1
26,6,0,hit,0.1
26,6,0,double down,0.1
26,6,0,surrender,0.1
26,6,0,split,0.1
26,6,1,stand,0.1
26,6,1,hit,0.1
26,6,1,double down,0.1
26,6,1,surrender,0.1
26,6,1,split,0.1
26,7,1,stand,0.1
26,7,1,hit,0.1
26,7,1,double down,0.1
26,7,1,surrender,0.1
26,7,1,split,0.1
26,7,0,stand,0.1
26,7,0,hit,0.1
26,7,0,double down,0.1
26,7,0,surrender,0.1
26,7,0,split,0.1
26,8,0,stand,0.1
26,8,0,hit,0.1
26,8,0,double down,0.1
26,8,0,surrender,0.1
26,8,0,split,0.1
26,8,1,stand,0.425226657226336
26,8,1,hit,0.1
26,8,1,double down,0.1
26,8,1,surrender,0.1
26,8,1,split,0.1
26,9,0,stand,0.1
26,9,0,hit,0.1
26,9,0,double down,0.1
26,9,0,surrender,0.1
26,9,0,split,0.1
26,9,1,stand,0.1
26,9,1,hit,0.1
26,9,1,double down,0.1
26,9,1,surrender,0.1
26,9,1,split,0.1
26,10,0,stand,0.1
26,10,0,hit,0.1
26,10,0,double down,0.1
26,10,0,surrender,0.1
26,10,0,split,0.1
26,10,1,stand,0.07895778839444412
26,10,1,hit,0.1
26,10,1,double down,0.1
26,10,1,surrender,0.1
26,10,1,split,0.1
27,1,0,stand,0.1
27,1,0,hit,0.1
27,1,0,double down,0.1
27,1,0,surrender,0.1
27,1,0,split,0.1
27,1,1,stand,0.1
27,1,1,hit,0.1
27,1,1,double down,0.1
27,1,1,surrender,0.1
27,1,1,split,0.1
27,2,0,stand,0.1
27,2,0,hit,0.1
27,2,0,double down,0.1
27,2,0,surrender,0.1
27,2,0,split,0.1
27,2,1,stand,0.1
27,2,1,hit,0.1
27,2,1,double down,0.1
27,2,1,surrender,0.1
27,2,1,split,0.1
27,3,0,stand,0.1
27,3,0,hit,0.1
27,3,0,double down,0.1
27,3,0,surrender,0.1
27,3,0,split,0.1
27,4,0,stand,0.018629202998651326
27,4,0,hit,0.1
27,4,0,double down,0.1
27,4,0,surrender,0.1
27,4,0,split,0.1
27,4,1,stand,0.1
27,4,1,hit,0.1
27,4,1,double down,0.1
27,4,1,surrender,0.1
27,4,1,split,0.1
27,5,0,stand,0.1
27,5,0,hit,0.1
27,5,0,double down,0.1
27,5,0,surrender,0.1
27,5,0,split,0.1
27,5,1,stand,0.1
27,5,1,hit,0.1
27,5,1,double down,0.1
27,5,1,surrender,0.1
27,5,1,split,0.1
27,6,0,stand,0.1
27,6,0,hit,0.1
27,6,0,double down,0.1
27,6,0,surrender,0.1
27,6,0,split,0.1
27,7,0,stand,-0.0010000000000000009
27,7,0,hit,0.1
27,7,0,double down,0.1
27,7,0,surrender,0.1
27,7,0,split,0.1
27,7,1,stand,0.1
27,7,1,hit,0.1
27,7,1,double down,0.1
27,7,1,surrender,0.1
27,7,1,split,0.1
27,8,0,stand,0.1
27,8,0,hit,0.1
27,8,0,double down,0.1
27,8,0,surrender,0.1
27,8,0,split,0.1
27,8,1,stand,0.1
27,8,1,hit,0.1
27,8,1,double down,0.1
27,8,1,surrender,0.1
27,8,1,split,0.1
27,9,0,stand,0.1
27,9,0,hit,0.1
27,9,0,double down,0.1
27,9,0,surrender,0.1
27,9,0,split,0.1
27,9,1,stand,0.1
27,9,1,hit,0.1
27,9,1,double down,0.1
27,9,1,surrender,0.1
27,9,1,split,0.1
27,10,0,stand,0.1
27,10,0,hit,0.1
27,10,0,double down,0.1
27,10,0,surrender,0.1
27,10,0,split,0.1
27,10,1,stand,0.1
27,10,1,hit,0.1
27,10,1,double down,0.1
27,10,1,surrender,0.1
27,10,1,split,0.1
28,1,0,stand,0.1
28,1,0,hit,0.1
28,1,0,double down,-0.05100000000000002
28,1,0,surrender,0.1
28,1,0,split,0.1
28,1,1,stand,0.1
28,1,1,hit,0.1
28,1,1,double down,0.1
28,1,1,surrender,0.1
28,1,1,split,0.1
28,2,0,stand,0.30667209394920786
28,2,0,hit,0.1
28,2,0,double down,0.1
28,2,0,surrender,0.1
28,2,0,split,0.1
28,2,1,stand,0.1
28,2,1,hit,0.1
28,2,1,double down,0.1
28,2,1,surrender,0.1
28,2,1,split,0.1
28,3,0,stand,0.1
28,3,0,hit,0.1
28,3,0,double down,0.1
28,3,0,surrender,0.1
28,3,0,split,0.1
28,3,1,stand,0.1
28,3,1,hit,0.1
28,3,1,double down,0.1
28,3,1,surrender,0.1
28,3,1,split,0.1
28,4,0,stand,0.1
28,4,0,hit,0.1
28,4,0,double down,0.1
28,4,0,surrender,0.1
28,4,0,split,0.1
28,4,1,stand,0.1
28,4,1,hit,0.1
28,4,1,double down,0.1
28,4,1,surrender,0.1
28,4,1,split,0.1
28,5,0,stand,0.1
28,5,0,hit,0.1
28,5,0,double down,0.1
28,5,0,surrender,0.1
28,5,0,split,0.1
28,5,1,stand,0.1
28,5,1,hit,0.1
28,5,1,double down,0.1
28,5,1,surrender,0.1
28,5,1,split,0.1
28,6,0,stand,0.1
28,6,0,hit,0.1
28,6,0,double down,0.1
28,6,0,surrender,0.1
28,6,0,split,0.1
28,6,1,stand,0.1
28,6,1,hit,0.1
28,6,1,double down,0.1
28,6,1,surrender,0.1
28,6,1,split,0.1
28,7,0,stand,0.1
28,7,0,hit,0.1
28,7,0,double down,0.1
28,7,0,surrender,0.1
28,7,0,split,0.1
28,7,1,stand,0.199
28,7,1,hit,0.1
28,7,1,double down,0.1
28,7,1,surrender,0.1
28,7,1,split,0.1
28,8,0,stand,0.1
28,8,0,hit,0.1
28,8,0,double down,0.1
28,8,0,surrender,0.1
28,8,0,split,0.1
28,8,1,stand,0.1
28,8,1,hit,0.1
28,8,1,double down,0.1
28,8,1,surrender,0.1
28,8,1,split,0.1
28,9,0,stand,0.1
28,9,0,hit,0.1
28,9,0,double down,0.1
28,9,0,surrender,0.1
28,9,0,split,0.1
28,10,0,stand,0.0055916631109721865
28,10,0,hit,0.1
28,10,0,double down,0.1
28,10,0,surrender,0.1
28,10,0,split,0.1
29,1,0,stand,0.1
29,1,0,hit,0.1
29,1,0,double down,0.1
29,1,0,surrender,0.1
29,1,0,split,0.1
29,2,1,stand,0.1
29,2,1,hit,0.1
29,2,1,double down,0.1
29,2,1,surrender,0.1
29,2,1,split,0.1
29,4,0,stand,0.1
29,4,0,hit,0.1
29,4,0,double down,0.1
29,4,0,surrender,0.1
29,4,0,split,0.1
29,6,0,stand,0.1
29,6,0,hit,0.1
29,6,0,double down,0.1
29,6,0,surrender,0.1
29,6,0,split,0.1
29,7,0,stand,0.1
29,7,0,hit,0.1
29,7,0,double down,0.1
29,7,0,surrender,0.1
29,7,0,split,0.1
29,7,1,stand,0.1
29,7,1,hit,0.1
29,7,1,double down,0.1
29,7,1,surrender,0.1
29,7,1,split,0.1
29,8,0,stand,0.1
29,8,0,hit,0.1
29,8,0,double down,0.1
29,8,0,surrender,0.1
29,8,0,split,0.1
29,9,0,stand,0.1
29,9,0,hit,0.1
29,9,0,double down,0.1
29,9,0,surrender,0.1
29,9,0,split,0.1
29,10,0,stand,0.1
29,10,0,hit,0.1
29,10,0,double down,0.1
29,10,0,surrender,0.1
29,10,0,split,0.1
29,10,1,stand,0.1
29,10,1,hit,0.1
29,10,1,double down,0.1
29,10,1,surrender,0.1
29,10,1,split,0.1
30,1,0,stand,0.1
30,1,0,hit,0.1
30,1,0,double down,0.1
30,1,0,surrender,0.1
30,1,0,split,0.1
30,1,1,stand,0.1
30,1,1,hit,0.1
30,1,1,double down,0.1
30,1,1,surrender,0.1
30,1,1,split,0.1
30,2,0,stand,0.1
30,2,0,hit,0.1
30,2,0,double down,0.1
30,2,0,surrender,0.1
30,2,0,split,0.1
30,2,1,stand,0.1
30,2,1,hit,0.1
30,2,1,double down,0.1
30,2,1,surrender,0.1
30,2,1,split,0.1
30,3,0,stand,0.1
30,3,0,hit,0.1
30,3,0,double down,0.1
30,3,0,surrender,0.1
30,3,0,split,0.1
30,4,0,stand,0.2221316038
30,4,0,hit,0.1
30,4,0,double down,0.1
30,4,0,surrender,0.1
30,4,0,split,0.1
30,6,0,stand,0.1
30,6,0,hit,0.1
30,6,0,double down,0.1
30,6,0,surrender,0.1
30,6,0,split,0.1
30,7,0,stand,0.1
30,7,0,hit,0.1
30,7,0,double down,0.1
30,7,0,surrender,0.1
30,7,0,split,0.1
30,8,0,stand,0.1
30,8,0,hit,0.1
30,8,0,double down,0.1
30,8,0,surrender,0.1
30,8,0,split,0.1
30,9,0,stand,0.1
30,9,0,hit,0.1
30,9,0,double down,0.1
30,9,0,surrender,0.1
30,9,0,split,0.1
30,10,0,stand,0.1
30,10,0,hit,0.1
30,10,0,double down,0.1
30,10,0,surrender,0.1
30,10,0,split,0.1
31,1,0,stand,0.1
31,1,0,hit,0.1
31,1,0,double down,0.1
31,1,0,surrender,0.1
31,1,0,split,0.1
31,2,0,stand,0.1
31,2,0,hit,0.1
31,2,0,double down,0.1
31,2,0,surrender,0.1
31,2,0,split,0.1
31,6,1,stand,0.1
31,6,1,hit,0.1
31,6,1,double down,0.1
31,6,1,surrender,0.1
31,6,1,split,0.1
31,10,0,stand,0.1
31,10,0,hit,0.1
31,10,0,double down,0.1
31,10,0,surrender,0.1
31,10,0,split,0.1
